,iare_code,iare_name,name_process,abs_code,abs_name,len
137,IARE201017,Northcote - Preston - Whittlesea,"[['Northcote'], ['Preston'], ['Whittlesea']]","[2111101, 2111102, 2111103, 2111104, 2111105, 2111106, 2111107, 2111108, 2111109, 2111110, 2111111, 2111112, 2111113, 2111114, 2111115, 2111116, 2111117, 2111118, 2111119, 2111120, 2111121, 2111122, 2111123, 2111124, 2111125, 2111126, 2111127, 2111128, 2111129, 2111130, 2111131, 2111132, 2111133, 2111134, 2111135, 2111136, 2111137, 2111138, 2111139, 2111140, 2111141, 2111142, 2111143, 2111144, 2111145, 2111146, 2111147, 2111148, 2111149, 2111150, 2111151, 2111152, 2111153, 2142801, 2142802, 2142803, 2142804, 2142805, 2142806, 2142807, 2142808, 2142809, 2142810, 2142811, 2142812, 2142813, 2142814, 2142815, 2142816, 2142817, 2142818, 2142819, 2142820, 2142821, 2142822, 2142823, 2142824, 2142825, 2142826, 2142827, 2142828, 2142829, 2142830, 2142831, 2142832, 2142833, 2142834, 2142835, 2142836, 2142837, 2142838, 2142839, 2142840, 2121601, 2121603, 2121604, 2121605, 2121606, 2121607, 2121608, 2121609, 2121610, 2121611, 2121612, 2121613, 2121614, 2121615, 2121616, 2121701, 2121702, 2121703, 2121704, 2121705, 2121706, 2121707, 2121708, 2121709, 2121710, 2121711, 2121712, 2121713, 2121714, 2121715, 2121716, 2121717, 2121718, 2121901, 2121902, 2121903, 2121904, 2121905, 2121906, 2121907, 2121908, 2121909, 2121910, 2121911, 2121912, 2121913, 2121914, 2121915, 2121916, 2121917, 2121918, 2121919, 2121920, 2121921, 2121922, 2121923, 2121924, 2121925, 2121926, 2121927, 2121928, 2121929, 2121930, 2121931, 2121932, 2121933, 2121934, 2121935, 2121936, 2121937, 2121938, 2121939, 2121940, 2121941, 2121942, 2121943, 2121944, 2121945, 2121946, 2121947, 2121948, 2121949, 2121950, 2121951, 2122001, 2122002, 2122003, 2122004, 2122005, 2122006, 2122007, 2122008, 2122009, 2122010, 2122011, 2122012, 2122013, 2122014, 2122015, 2122016, 2122017, 2122018, 2122019, 2122020, 2122021, 2122022, 2122023, 2122024, 2122025, 2122026, 2122027, 2122028, 2122029, 2122030, 2122031, 2122032, 2122033, 2122034, 2122035, 2122036, 2122037, 2122038, 2122039, 2122040, 2122041, 2122042, 2122043, 2122044, 2122045, 2122046, 2122101, 2122102, 2122103, 2122104, 2122105, 2122106, 2122107, 2122108, 2122109, 2122110, 2122111, 2122112, 2122113, 2122114, 2122115, 2122116, 2122117, 2122118, 2122119, 2122120, 2122121, 2122122, 2122123, 2122124, 2122125, 2122126, 2122127, 2122128, 2122129, 2122301, 2122302, 2122303, 2122304, 2122305, 2122306, 2122307, 2122308, 2122309, 2122310, 2122311, 2122312, 2122313, 2122314, 2122315, 2122316, 2122317, 2122318, 2122319, 2122320, 2122321, 2122322, 2122323, 2122324, 2122325, 2122326, 2122327, 2122328, 2122329, 2122330, 2122331, 2122332, 2122333, 2122334, 2122335, 2122336, 2122337, 2122338, 2122339, 2122340, 2122341, 2122342, 2122343, 2122344, 2122345, 2122346, 2122347, 2122348, 2122349, 2122350, 2122351, 2122352, 2122353, 2122354, 2122501, 2122502, 2122503, 2122504, 2122505, 2122506, 2122507, 2122508, 2122509, 2122510, 2122511, 2122512, 2122513, 2122514, 2122515, 2122516, 2122517, 2122518, 2122519, 2122520, 2122521, 2143001, 2143002, 2143003, 2143004, 2143005, 2143006, 2143007, 2143008, 2143009, 2143010, 2143011, 2143012, 2143013, 2143014, 2143015, 2143016, 2143017, 2143018, 2143019, 2143020, 2143021, 2143022, 2143023, 2143024, 2143025, 2143026, 2143027, 2143028, 2143029, 2143030, 2143031, 2143032, 2143033, 2143035, 2143036, 2143037, 2143038, 2143039, 2143040, 2143041, 2143042, 2143043, 2143101, 2143102, 2143103, 2143104, 2143105, 2143106, 2143107, 2143108, 2143109, 2143110, 2143111, 2143112, 2143113, 2143114, 2143115, 2143116, 2143117, 2143118, 2143119, 2143120, 2143121, 2143122, 2143123, 2143124, 2143125, 2143126, 2143127, 2143128, 2143129, 2143130, 2143131, 2143132, 2143133, 2143201, 2143202, 2143203, 2143204, 2143205, 2143206, 2143207, 2143208, 2143209, 2143210, 2143211, 2143212, 2143213, 2143214, 2143215, 2143216, 2143217, 2143218, 2143219, 2143220, 2143221, 2143222, 2143223, 2143224, 2143225, 2143226, 2143301, 2143302, 2143303, 2143304, 2143305, 2143306, 2143307, 2143308, 2143309, 2143310, 2143311, 2143312, 2143313, 2143314, 2143315, 2143316, 2143317, 2143318, 2143319, 2143320, 2143321, 2143322, 2143401, 2143402, 2143403, 2143404, 2143405, 2143406, 2143407, 2143408, 2143409, 2143410, 2143411, 2143412, 2143413, 2143414, 2143415, 2143416, 2143417, 2143418, 2143419, 2143420, 2143421, 2143422, 2143424, 2143425, 2143426, 2143427, 2143428, 2143429, 2143430, 2143501, 2143502, 2143503, 2143504, 2143505, 2143506, 2143507, 2143508, 2143509, 2143510, 2143511, 2143512, 2143513, 2143514, 2143515, 2143516, 2143517, 2143518, 2143519, 2143520, 2143521, 2143522, 2143523, 2143524, 2143525, 2143601, 2143602, 2143603, 2143604, 2143605, 2143606, 2143607, 2143608, 2143609, 2143610, 2143611, 2143612, 2143613, 2143614, 2143615, 2143616, 2143617, 2143618, 2143619, 2143620, 2143621, 2143622, 2143623, 2143624, 2143625, 2143626, 2143627, 2143628, 2143629, 2143630, 2143631, 2143632, 2143633, 2143634, 2143635, 2143701, 2143702, 2143703, 2143704, 2143705, 2143706, 2143707, 2143708]","Northcote, Preston - East, Whittlesea (C)",32
115,IARE202004,Campaspe - Shepparton - Moira,"[['Campaspe'], ['Shepparton'], ['Moira']]","[2140601, 2140602, 2140603, 2140604, 2140605, 2140606, 2140607, 2140608, 2140609, 2140610, 2140611, 2140612, 2140613, 2140614, 2140615, 2140616, 2140617, 2140618, 2140619, 2140620, 2140621, 2140622, 2140623, 2140624, 2140625, 2140626, 2140627, 2140628, 2140629, 2140630, 2140631, 2140632, 2140633, 2140634, 2140635, 2140636, 2140637, 2140638, 2140639, 2140640, 2140701, 2140702, 2140703, 2140704, 2140705, 2140706, 2140707, 2140708, 2140709, 2140710, 2140711, 2140712, 2140713, 2140714, 2140715, 2140716, 2140717, 2140718, 2140719, 2140720, 2140721, 2140722, 2140723, 2140724, 2140725, 2140726, 2140727, 2140728, 2140729, 2140730, 2140801, 2140802, 2140803, 2140804, 2140805, 2140806, 2140807, 2140808, 2140809, 2140810, 2140811, 2140812, 2140813, 2140901, 2140902, 2140903, 2140904, 2140905, 2140906, 2140907, 2140908, 2140909, 2140910, 2140911, 2141001, 2141002, 2141003, 2141004, 2141005, 2141006, 2141007, 2141008, 2141009, 2141010, 2141011, 2141012, 2141013, 2141014, 2141501, 2141502, 2141503, 2141504, 2141505, 2141506, 2141507, 2141508, 2141509, 2141510, 2141511, 2141512, 2141513, 2141514, 2141515, 2141516, 2141518, 2141520, 2141521, 2141522, 2141523, 2141524, 2141525, 2141601, 2141603, 2141604, 2141605, 2141606, 2141607, 2141608, 2141609, 2141610, 2141611, 2141612, 2141613, 2141614, 2141615, 2141616, 2141617, 2141618, 2141619, 2141620, 2141621, 2141622, 2141623, 2141624, 2141625, 2141626, 2141627, 2141628, 2141629, 2141630, 2141631, 2141632, 2141633, 2141634, 2141635, 2141636, 2141637, 2141638, 2141639, 2141640, 2141641, 2141642, 2141643, 2141644, 2141645, 2141646, 2141701, 2141702, 2141703, 2141704, 2141705, 2141706, 2141707, 2141708, 2141709, 2141710, 2141711, 2141713, 2141714, 2141715, 2141716, 2141718, 2141719, 2141720, 2141721, 2141722, 2141723, 2141724, 2141725, 2141726, 2141727, 2141728, 2141729, 2141730, 2141731, 2141732, 2141733, 2141734, 2141736, 2141737, 2141738, 2141739, 2141740, 2141741, 2141742, 2141743, 2141744, 2141745, 2141746, 2141747, 2141748, 2141749, 2141750, 2141751, 2141752, 2141753, 2141754, 2141755, 2141756, 2141757, 2141801, 2141802, 2141803, 2141804, 2141805, 2141806, 2141807, 2141808, 2141809, 2141810, 2141811, 2141812, 2141813, 2141901, 2141902, 2141903, 2141904, 2141905, 2141906, 2141907, 2141908, 2141909, 2141910, 2141911, 2141912, 2141913, 2141914, 2141915, 2141916, 2141917, 2141918, 2141919, 2141920, 2141921, 2141922, 2141923, 2141924, 2141925, 2141926, 2141927, 2141928, 2141929, 2141101, 2141102, 2141103, 2141104, 2141105, 2141106, 2141107, 2141108, 2141109, 2141110, 2141111, 2141112, 2141113, 2141114, 2141115, 2141116, 2141117, 2141201, 2141202, 2141203, 2141204, 2141205, 2141206, 2141207, 2141208, 2141209, 2141301, 2141302, 2141303, 2141304, 2141305, 2141306, 2141307, 2141308, 2141309, 2141310, 2141311, 2141312, 2141313, 2141314, 2141315, 2141316, 2141317, 2141318, 2141319, 2141320, 2141321, 2141322, 2141323, 2141324, 2141325, 2141326, 2141327, 2141328, 2141329, 2141330, 2141331, 2141332, 2141333, 2141334, 2141335, 2141336, 2141337, 2141338, 2141401, 2141402, 2141403, 2141404, 2141405, 2141406, 2141407, 2141408, 2141409, 2141410, 2141411, 2141413, 2141415, 2141416, 2141417, 2141418, 2141419, 2141420, 2141421]","Campaspe (S), Greater Shepparton (C), Moira (S)",29
138,IARE202011,South Gippsland - Bass Coast,"[['South', 'Gippsland'], ['Bass', 'Coast']]","[2108701, 2108702, 2108703, 2108704, 2108705, 2108706, 2108707, 2108708, 2108709, 2108710, 2108711, 2108712, 2108713, 2108714, 2108715, 2108716, 2108717, 2108718, 2108719, 2108720, 2108721, 2108722, 2108723, 2108724, 2108725, 2108901, 2108902, 2108903, 2108904, 2108905, 2108906, 2108907, 2108908, 2108909, 2108910, 2108911, 2108912, 2108913, 2108914, 2108915, 2108916, 2108917, 2108918, 2108919, 2108920, 2108921, 2108924, 2108925, 2109001, 2109002, 2109003, 2109004, 2109005, 2109006, 2109007, 2109008, 2109009, 2109010, 2109011, 2109012, 2109013, 2109014, 2109015, 2109016, 2109017, 2109018, 2109019, 2109020, 2109021, 2109022, 2109023, 2109024, 2109025, 2109026, 2109201, 2108923, 2109101, 2109102, 2109103, 2109104, 2109105, 2109106, 2109107, 2109108, 2109109, 2109110, 2109111, 2109112, 2109113, 2109114, 2109115, 2109116, 2109117, 2109118, 2109119, 2109120, 2109121, 2109122, 2109123, 2109124, 2109301, 2109302, 2109303, 2109304, 2109305, 2109306, 2109307, 2109308, 2109309, 2109310, 2109311, 2109312, 2109313, 2109314, 2109315, 2109316, 2109317, 2109318, 2109319, 2109320, 2109321, 2109322, 2109324, 2109325, 2109326, 2109327, 2109328, 2109329, 2109330, 2109331, 2109332, 2109333, 2109334, 2109335, 2109336, 2109337, 2109338, 2109340, 2109341, 2109342, 2109343, 2109344, 2109345, 2109346, 2109347, 2109348, 2109349, 2109351, 2109352, 2109353, 2109354, 2109355, 2109356, 2109357, 2109358]","South Gippsland (S), Bass Coast (S)",28
139,IARE202013,Southern Grampians - Glenelg,"[['Southern', 'Grampians'], ['Glenelg']]","[2142101, 2142102, 2142103, 2142104, 2142105, 2142106, 2142107, 2142108, 2142109, 2142110, 2142112, 2142113, 2142114, 2142115, 2142116, 2142117, 2142118, 2142119, 2142120, 2142121, 2142122, 2142123, 2142124, 2142125, 2142126, 2142127, 2142128, 2142129, 2142130, 2142301, 2142302, 2142303, 2142304, 2142305, 2142306, 2142307, 2142308, 2142309, 2142310, 2142311, 2142312, 2142313, 2142314, 2142315, 2142316, 2142317, 2142318, 2142319, 2142320, 2142321, 2142322, 2142001, 2142002, 2142003, 2142004, 2142005, 2142006, 2142007, 2142008, 2142009, 2142010, 2142011, 2142012, 2142013, 2142014, 2142015, 2142016, 2142017, 2142018, 2142019, 2142020, 2142021, 2142022, 2142023, 2142024, 2142025, 2142026, 2142027, 2142028, 2142029, 2142030, 2142031, 2142201, 2142202, 2142203, 2142204, 2142205, 2142207, 2142208, 2142209, 2142210, 2142211, 2142212, 2142213, 2142214, 2142215, 2142216, 2142217, 2142218, 2142219, 2142221, 2142222, 2142223, 2142224, 2142225, 2142226, 2142227, 2142228, 2142229, 2142230, 2142231, 2142232, 2142233, 2142234, 2142235]","Southern Grampians (S), Glenelg (S)",28
127,IARE201008,Maribyrnong - Moonee Valley,"[['Maribyrnong'], ['Moonee', 'Valley']]","[2134701, 2134702, 2134703, 2134704, 2134705, 2134706, 2134707, 2134708, 2134709, 2134710, 2134711, 2134712, 2134713, 2134714, 2134715, 2134717, 2134718, 2134719, 2134720, 2134721, 2134722, 2134723, 2134724, 2134725, 2134726, 2134727, 2134728, 2134729, 2134730, 2134731, 2134732, 2134733, 2134735, 2134736, 2134737, 2134738, 2134739, 2134740, 2134741, 2134742, 2134743, 2134801, 2134802, 2134803, 2134804, 2134805, 2134806, 2134807, 2134809, 2134810, 2134811, 2134812, 2134813, 2134814, 2134815, 2134816, 2134817, 2134818, 2134819, 2134820, 2134821, 2134822, 2134823, 2134824, 2134825, 2134826, 2134827, 2134829, 2134830, 2134831, 2134832, 2134833, 2134834, 2134835, 2134836, 2134902, 2134903, 2134904, 2134905, 2134906, 2134907, 2134908, 2134909, 2134910, 2134911, 2134912, 2134913, 2134914, 2134915, 2134916, 2134917, 2134918, 2134919, 2134920, 2134921, 2134922, 2134923, 2134924, 2134925, 2134926, 2134927, 2134928, 2135001, 2135002, 2135003, 2135004, 2135005, 2135006, 2135007, 2135008, 2135009, 2135010, 2135011, 2135012, 2135013, 2135014, 2135015, 2135016, 2135017, 2135018, 2135019, 2135101, 2135102, 2135103, 2135104, 2135105, 2135106, 2135107, 2135108, 2135109, 2135110, 2135111, 2135112, 2135113, 2135114, 2135115, 2135116, 2135117, 2135118, 2135119, 2135120, 2135121, 2135122, 2135123, 2135124, 2135125, 2135126, 2135127, 2135128, 2135201, 2135202, 2135203, 2135204, 2135205, 2135206, 2135207, 2135208, 2135209, 2135210, 2135211, 2135212, 2135213, 2135214, 2135215, 2135216, 2135217, 2135218, 2135219, 2135220, 2135221, 2135222, 2135223, 2135224, 2135225, 2135226, 2135227, 2135228, 2135229, 2135230, 2135231, 2135232, 2111301, 2111302, 2111303, 2111304, 2111305, 2111306, 2111307, 2111308, 2111309, 2111310, 2111311, 2111312, 2111313, 2111314, 2111315, 2111316, 2111317, 2111318, 2111319, 2111320, 2111321, 2111322, 2111323, 2111324, 2111325, 2111326, 2111327, 2111328, 2111329, 2111330, 2111331, 2111332, 2111401, 2111402, 2111403, 2111404, 2111405, 2111406, 2111407, 2111408, 2111409, 2111410, 2111411, 2111412, 2111413, 2111414, 2111415, 2111416, 2111417, 2111418, 2111419, 2111420, 2111421, 2111422, 2111423, 2111424, 2111425, 2111426, 2111427, 2111428, 2111429, 2111430, 2111431, 2111432, 2111433, 2111434, 2111435, 2111436, 2111437, 2111438, 2111439, 2111440, 2111441, 2111442, 2111443, 2111444, 2111445, 2111446, 2111447, 2111448, 2111449, 2111450, 2111451, 2111452, 2111453, 2111454, 2111455, 2111456, 2111457, 2111458, 2111459, 2111460, 2111461, 2111501, 2111502, 2111503, 2111504, 2111505, 2111506, 2111507, 2111508, 2111509, 2111510, 2111511, 2111512, 2111513, 2111514, 2111515, 2111516, 2111518, 2111519, 2111520, 2111521, 2111522, 2111523, 2111524, 2111601, 2111602, 2111603, 2111604, 2111605, 2111606, 2111607, 2111608, 2111609, 2111610, 2111611, 2111612, 2111613, 2111614, 2111615, 2111616, 2111617, 2111618, 2111619, 2111620, 2111621, 2111622, 2111623, 2111624, 2111625, 2111626, 2111627, 2111628, 2111629, 2111630, 2111631, 2111632, 2122601, 2122602, 2122603, 2122604, 2122605, 2122606, 2122607, 2122608, 2122609, 2122610, 2122611, 2122612, 2122613, 2122614, 2122615, 2122616, 2122617, 2122701, 2122901, 2122902, 2122903, 2122904, 2122905, 2122906, 2122907, 2122908, 2122909, 2122910, 2122911, 2122912, 2122913, 2122914, 2122915, 2122916, 2122917, 2122918, 2122919, 2122920, 2122921, 2122922, 2122923, 2122924, 2122925, 2122926, 2122927, 2122928, 2122929, 2122930, 2122931, 2122932, 2122933, 2122934, 2122935, 2122936, 2122937, 2122938, 2122939, 2122940, 2122941, 2122942, 2122943, 2122944, 2122945, 2122946, 2122947, 2122948, 2122949, 2122950, 2122951, 2122952, 2122953, 2122954, 2122955, 2122957, 2122958, 2122959, 2122960, 2122961, 2122962, 2122963, 2122964, 2123001, 2123002, 2123003, 2123004, 2123005, 2123006, 2123007, 2123008, 2123009, 2123010, 2123011, 2123012, 2123013, 2123014, 2123015, 2123016, 2123017, 2123101, 2123102, 2123103, 2123104, 2123105, 2123106, 2123107, 2123108, 2123109, 2123110, 2123111, 2123112, 2123113, 2123114, 2123115, 2123116, 2123117, 2123118, 2123119, 2123120, 2123121, 2123122]","Maribyrnong (C), Moonee Valley (C)",27
140,IARE202012,South-West Central Victoria,"[['South', 'West', 'Central', 'Victoria']]",[],,27
126,IARE202009,Macedon Ranges - Moorabool,"[['Macedon', 'Ranges'], ['Moorabool']]","[2103001, 2103002, 2103003, 2103004, 2103005, 2103006, 2103007, 2103008, 2103009, 2103010, 2103011, 2103012, 2103013, 2103014, 2103015, 2103016, 2103018, 2103019, 2103020, 2103021, 2103022, 2103023, 2103024, 2103025, 2103101, 2103102, 2103103, 2103104, 2103105, 2103106, 2103107, 2103108, 2103109, 2103110, 2103111, 2103112, 2103113, 2103114, 2103115, 2103116, 2123201, 2123202, 2123203, 2123205, 2123206, 2123207, 2123208, 2123209, 2123210, 2123211, 2123212, 2123213, 2123214, 2123215, 2123216, 2123217, 2123218, 2123219, 2123220, 2123221, 2123222, 2123223, 2123224, 2123225, 2123226, 2123227, 2123228, 2123229, 2123230, 2123231, 2123232, 2123301, 2123302, 2123303, 2123304, 2123305, 2123306, 2123307, 2123308, 2123309, 2123310, 2123401, 2123402, 2123403, 2123404, 2123405, 2123406, 2123407, 2123408, 2123409, 2123501, 2123502, 2123503, 2123504, 2123505, 2123506, 2123507, 2123508, 2123509, 2123510, 2123511, 2123512, 2123513, 2123514, 2123515, 2123516, 2123517, 2123518, 2123519, 2123520, 2123521, 2100901, 2100902, 2100903, 2100904, 2100905, 2100906, 2100907, 2100908, 2100909, 2100910, 2100911, 2100912, 2100913, 2100914, 2100915, 2100916, 2100917, 2101104, 2101201, 2101202, 2101204, 2101205, 2101206, 2101207, 2101208, 2101209, 2101210, 2101211, 2101212, 2101213, 2101214, 2101215, 2101216, 2101217, 2135301, 2135302, 2135303, 2135304, 2135305, 2135306, 2135307, 2135308, 2135310, 2135311, 2135312, 2135313, 2135314, 2135315, 2135317, 2135318, 2135319, 2135320, 2135322, 2135323, 2135324, 2135325, 2135326, 2135328, 2135330, 2135331, 2135332, 2135333, 2135334, 2135335, 2135336, 2135337, 2135338, 2135339, 2135340, 2135341, 2135342, 2135343, 2135344, 2135345, 2135346, 2135347, 2135348, 2135349]","Macedon Ranges (S), Moorabool (S)",26
119,IARE201004,Cranbourne - Narre Warren,"[['Cranbourne'], ['Narre', 'Warren']]","[2130001, 2130002, 2130003, 2130004, 2130005, 2130006, 2130007, 2130008, 2130009, 2130010, 2130013, 2130016, 2130017, 2130018, 2130019, 2130021, 2130022, 2130023, 2130024, 2130025, 2130026, 2130027, 2130028, 2130029, 2130030, 2130031, 2130032, 2130033, 2130034, 2130035, 2130036, 2130037, 2130038, 2130039, 2130040, 2130041, 2130042, 2130043, 2130044, 2130045, 2130046, 2130047, 2130048, 2130049, 2130050, 2130051, 2130052, 2130053, 2130054, 2130055, 2130056, 2129901, 2129902, 2129903, 2129904, 2129905, 2129906, 2129908, 2129909, 2129910, 2129911, 2129912, 2129913, 2129914, 2129915, 2129916, 2129917, 2129918, 2129919, 2129920]","Cranbourne, Narre Warren North",25
131,IARE201012,Melbourne - Port Phillip,"[['Melbourne'], ['Port', 'Phillip']]","[2111701, 2111702, 2111703, 2111704, 2111705, 2111706, 2111707, 2111708, 2111709, 2111710, 2111711, 2111712, 2111713, 2111714, 2111715, 2111716, 2111717, 2111718, 2111719, 2111720, 2111721, 2111722, 2111723, 2111724, 2111725, 2111726, 2111727, 2111728, 2111729, 2111731, 2111733, 2111734, 2111735, 2111736, 2111801, 2111802, 2111804, 2111805, 2111806, 2111807, 2111808, 2111809, 2111810, 2111811, 2111812, 2111813, 2111814, 2111815, 2111816, 2111901, 2111902, 2111903, 2111904, 2111905, 2111906, 2111907, 2111908, 2111909, 2111910, 2111911, 2111912, 2111913, 2111914, 2111915, 2112001, 2112101, 2112102, 2112103, 2112104, 2112105, 2112106, 2112108, 2112109, 2112110, 2112111, 2112112, 2112113, 2112114, 2112115, 2112116, 2112118, 2112119, 2112121, 2112122, 2112123, 2112124, 2112125, 2112126, 2112127, 2112128, 2112129, 2112202, 2112203, 2112204, 2112205, 2112206, 2112209, 2112210, 2112211, 2112212, 2112213, 2112214, 2112215, 2112216, 2112217, 2112218, 2112219, 2112221, 2112222, 2112223, 2112224, 2112225, 2112229, 2112230, 2112231, 2112232, 2112233, 2112234, 2112235, 2112236, 2112237, 2112238, 2112239, 2112240, 2112241, 2112242, 2112243, 2112244, 2112245, 2112246, 2112247, 2112248, 2112249, 2112302, 2112303, 2112304, 2112305, 2112306, 2112307, 2112308, 2112309, 2112310, 2112311, 2112312, 2112313, 2112314, 2112315, 2112316, 2112317, 2112318, 2112319, 2112320, 2112321, 2112322, 2112323, 2112324, 2112325, 2112326, 2112327, 2112328, 2112329, 2112330, 2112331, 2112332, 2112333, 2112334, 2112335, 2112336, 2112337, 2112338, 2112339, 2112340, 2112401, 2112402, 2112403, 2112404, 2112406, 2112407, 2112409, 2112410, 2112411, 2112412, 2112413, 2112414, 2112415, 2112416, 2112417, 2112418, 2112501, 2112502, 2112503, 2112504, 2112505, 2112506, 2112507, 2112508, 2112509, 2112510, 2112511, 2112512, 2112513, 2112514, 2112602, 2112603, 2112604, 2112605, 2112606, 2112609, 2112610, 2112611, 2112612, 2112613, 2112614, 2112615, 2112616, 2112617, 2112618, 2112619, 2112620, 2112622, 2112623, 2112624, 2112625, 2112626, 2112627, 2112628, 2112629, 2112630, 2112631, 2112632, 2112633, 2112634, 2112635, 2112701, 2112702, 2113102, 2114013, 2112801, 2112802, 2112803, 2112804, 2112805, 2112806, 2112807, 2112808, 2112809, 2112810, 2112811, 2112812, 2112813, 2112814, 2112815, 2112816, 2112817, 2112818, 2112819, 2112820, 2112821, 2112822, 2112823, 2112824, 2112825, 2112826, 2112827, 2112828, 2112830, 2112831, 2112832, 2112833, 2112834, 2112835, 2112901, 2112902, 2112903, 2112904, 2112905, 2112906, 2112907, 2112908, 2112909, 2112910, 2112911, 2112912, 2112913, 2112914, 2112915, 2112916, 2112917, 2112918, 2112919, 2112920, 2112921, 2112922, 2112923, 2112924, 2112925, 2112926, 2112927, 2112928, 2112929, 2112930, 2112931, 2112932, 2112933, 2112934, 2112935, 2112936, 2112937, 2112938, 2112939, 2112940, 2113001, 2113002, 2113003, 2113004, 2113005, 2113006, 2113007, 2113008, 2113009, 2113010, 2113011, 2113012, 2113013, 2113014, 2113015, 2113016, 2113017, 2113019, 2113020, 2113021, 2113022, 2113023, 2113024, 2113025, 2113026, 2113027, 2113028, 2113029, 2113032, 2113033, 2113034, 2113035, 2113036, 2113037, 2113038, 2113039, 2113101, 2113201, 2113202, 2113203, 2113204, 2113206, 2113207, 2113208, 2113209, 2113210, 2113211, 2113212, 2113213, 2113214, 2113215, 2113217, 2113218, 2113219, 2113220, 2113221, 2113222, 2113223, 2113224, 2113225, 2113226, 2113227, 2113228, 2113229, 2113230, 2113301, 2113302, 2113303, 2113304, 2113305, 2113306, 2113307, 2113308, 2113309, 2113310, 2113311, 2113312, 2113313, 2113314, 2113315, 2113316, 2113317, 2113318, 2113319, 2113320, 2113321, 2113322, 2113323, 2113324, 2113325, 2113326, 2113327, 2113328, 2113329, 2113330, 2113331, 2113332, 2113333, 2113334, 2113335, 2113336, 2113337, 2113338, 2113339, 2113340, 2113341, 2113342, 2113343, 2113344, 2113345, 2113346, 2113347, 2113348, 2113349, 2113350, 2113351, 2113352, 2113353, 2113354, 2113355, 2113356, 2113401, 2113402, 2113403, 2113404, 2113405, 2113406, 2113407, 2113408, 2113409, 2113410, 2113411, 2113412, 2113413, 2113414, 2113415, 2113416, 2113417, 2113418, 2113419, 2113420, 2113421, 2113422, 2113423, 2113424, 2113425, 2113426, 2113427, 2113428, 2113429, 2113430, 2113431, 2113432, 2113433, 2113434, 2113435, 2113436, 2113437, 2113438, 2113439]","Melbourne (C), Port Phillip (C)",24
135,IARE201015,Moreland - Broadmeadows,"[['Moreland'], ['Broadmeadows']]","[2110501, 2110502, 2110503, 2110504, 2110505, 2110506, 2110507, 2110508, 2110509, 2110510, 2110512, 2110514, 2110515, 2110516, 2110517, 2110518, 2110519, 2110520, 2110521, 2110522, 2110523, 2110524, 2110525, 2110526, 2110527, 2110528, 2110529, 2110530, 2110531, 2110532, 2110533, 2110534, 2110535, 2110536, 2110537, 2110538, 2110539, 2110540, 2110541, 2110542, 2110543, 2110545, 2110546, 2110547, 2110548, 2110549, 2110550, 2110551, 2110552, 2110553, 2110554, 2110555, 2110556, 2110557, 2110558, 2110559, 2110601, 2110602, 2110603, 2110604, 2110605, 2110606, 2110607, 2110608, 2110609, 2110610, 2110611, 2110612, 2110613, 2110614, 2110615, 2110616, 2110617, 2110618, 2110619, 2110701, 2110702, 2110703, 2110704, 2110705, 2110706, 2110707, 2110708, 2110709, 2110710, 2110711, 2110712, 2110713, 2110714, 2110715, 2110716, 2110717, 2110718, 2110719, 2110720, 2110721, 2110722, 2110723, 2110724, 2110725, 2110726, 2110727, 2110728, 2110729, 2110730, 2110731, 2110801, 2110802, 2110803, 2110804, 2110805, 2110806, 2110807, 2110808, 2110809, 2110810, 2110811, 2110812, 2110813, 2110814, 2110815, 2110816, 2110817, 2110818, 2110819, 2110820, 2110821, 2110822, 2110823, 2110824, 2110825, 2110826, 2110827, 2110828, 2110829, 2110830, 2110831, 2110832, 2110833, 2110834, 2110835, 2110836, 2110837, 2110838, 2110839, 2110840, 2110841, 2110842, 2110843, 2110844, 2110845, 2110846, 2110847, 2110848, 2110849, 2110850, 2110851, 2110852, 2110853, 2110854, 2110855, 2110856, 2110857, 2110858, 2110859, 2110860, 2110901, 2110902, 2110903, 2110904, 2110905, 2110906, 2110907, 2110908, 2110909, 2110910, 2110911, 2110912, 2110913, 2110914, 2110915, 2110916, 2110917, 2110918, 2110919, 2110920, 2110921, 2110922, 2110923, 2110924, 2114301, 2114302, 2123601, 2123602, 2123603, 2123604, 2123605, 2123606, 2123607, 2123608, 2123609, 2123610, 2123611, 2123612, 2123613, 2123614, 2123615, 2123616, 2123617, 2123618, 2123701, 2123702, 2123703, 2123704, 2123705, 2123706, 2123707, 2123708, 2123709, 2123710, 2123711, 2123712, 2123713, 2123714, 2123715, 2123716, 2123717, 2123718, 2123719, 2123720, 2123721, 2123722, 2123723, 2123724, 2123725, 2123726, 2123727, 2123728, 2123729, 2123730, 2123731, 2123901, 2123902, 2123903, 2123904, 2123905, 2123906, 2123907, 2123908, 2123909, 2123910, 2123911, 2123912, 2123913, 2123914, 2123915, 2123916, 2123918, 2123919, 2123920, 2123921, 2123922, 2123923, 2123924, 2123925, 2123926, 2123927, 2123928, 2123929, 2123930, 2123931, 2123932, 2123933, 2123934, 2123935, 2123936, 2123937, 2123938, 2123939, 2123940, 2123941, 2123942, 2123943, 2123944, 2123945, 2123946, 2123947, 2123948, 2123949, 2143801, 2143802, 2143803, 2143804, 2143805, 2143806, 2143807, 2143808, 2143809, 2143810, 2143811, 2143812, 2143813, 2143814, 2143815, 2143816, 2143817, 2143818, 2143819, 2143820, 2143821, 2143822, 2143823, 2143824, 2143825, 2143826, 2143827, 2143828, 2143829, 2143830, 2143831, 2143832, 2143833, 2143834, 2143835, 2143836, 2143837, 2143838, 2143839, 2143840, 2143841, 2143842, 2143843, 2143844, 2143845, 2143846, 2143847, 2143848, 2143849, 2143850, 2143851, 2143901, 2143902, 2143903, 2143904, 2143905, 2143906, 2143907, 2144001, 2144002, 2144003, 2144004, 2144005, 2144006, 2144007, 2144008, 2144009, 2144010, 2144011, 2144012, 2144013, 2144014, 2144015, 2144016, 2144017, 2124201, 2124202, 2124203, 2124204, 2124205, 2124206, 2124207, 2124208, 2124209, 2124210, 2124211, 2124212, 2124213, 2124214, 2124215, 2124216, 2124217, 2124218, 2124219, 2124220, 2124221, 2124222, 2124223, 2124224, 2124225, 2124226, 2124227]","Moreland (C), Broadmeadows",23
130,IARE201011,Melbourne - North-East,"[['Melbourne', 'North', 'East']]","[2112302, 2112303, 2112304, 2112305, 2112306, 2112307, 2112308, 2112309, 2112310, 2112311, 2112312, 2112313, 2112314, 2112315, 2112316, 2112317, 2112318, 2112319, 2112320, 2112321, 2112322, 2112323, 2112324, 2112325, 2112326, 2112327, 2112328, 2112329, 2112330, 2112331, 2112332, 2112333, 2112334, 2112335, 2112336, 2112337, 2112338, 2112339, 2112340]","[2112302, 2112303, 2112304, 2112305, 2112306, 2112307, 2112308, 2112309, 2112310, 2112311, 2112312, 2112313, 2112314, 2112315, 2112316, 2112317, 2112318, 2112319, 2112320, 2112321, 2112322, 2112323, 2112324, 2112325, 2112326, 2112327, 2112328, 2112329, 2112330, 2112331, 2112332, 2112333, 2112334, 2112335, 2112336, 2112337, 2112338, 2112339, 2112340]",22
118,IARE201003,Craigieburn - Sunbury,"[['Craigieburn'], ['Sunbury']]","[2144101, 2144102, 2144103, 2144104, 2144105, 2144106, 2144107, 2144108, 2144109, 2144110, 2144111, 2144112, 2144113, 2144114, 2144115, 2144116, 2144117, 2144118, 2144119, 2144120, 2144121, 2144122, 2124001, 2124002, 2124003, 2124004, 2124005, 2124006, 2124007, 2124008, 2124009, 2124010, 2124011, 2124012, 2124013, 2124014, 2124015, 2124016, 2124017, 2124018, 2124019, 2124020, 2124021, 2124022, 2124023, 2124024, 2124025, 2124026, 2124027, 2124028, 2124029, 2124030, 2124031, 2124032]","Craigieburn - Central, Sunbury",21
142,IARE202015,Upper Goulburn Valley,"[['Upper', 'Goulburn', 'Valley']]",[2106101],Upper Yarra Valley,21
121,IARE202006,Geelong - Queenscliff,"[['Geelong'], ['Queenscliff']]","[2103701, 2103702, 2103703, 2103704, 2103705, 2103706, 2103707, 2103708, 2103709, 2103710, 2103711, 2103712, 2103713, 2103714, 2103715, 2103716, 2103717, 2103718, 2103719, 2103720, 2103721, 2103722, 2103723, 2103724, 2103725, 2103726, 2103727, 2103728, 2103729, 2103730, 2103731, 2103732, 2103801, 2103802, 2103803, 2103804, 2103805, 2103806, 2103807, 2103808, 2103809, 2103810, 2103811, 2103812, 2103813, 2103814, 2103815, 2103816, 2103817, 2103818, 2103819, 2103820, 2103821, 2103822, 2103823, 2103824, 2103825, 2103826, 2103827, 2103828, 2103829, 2103830, 2103831, 2103832, 2103833, 2103834, 2103835, 2103836, 2103837, 2103838, 2103839, 2103840, 2103841, 2103842, 2103843, 2103844, 2103845, 2103846, 2103847, 2103848, 2103849, 2103850, 2103851, 2103852, 2103853, 2103854, 2103855, 2103856, 2103857, 2103858, 2103859, 2103860, 2103861, 2103862, 2103863, 2103864, 2103865, 2103866, 2103867, 2103868, 2103869, 2103870, 2103871, 2103872, 2103873, 2103874, 2103875, 2103876, 2103904, 2103905, 2103906, 2103907, 2103908, 2103909, 2103910, 2103911, 2103912, 2103913, 2103914, 2103915, 2103916, 2103917, 2103918, 2103919, 2103920, 2103921, 2103922, 2103923, 2103924, 2103925, 2103927, 2103928, 2103929, 2103930, 2103931, 2103932, 2103933, 2103934, 2103935, 2103936, 2103937, 2103938, 2103939, 2104001, 2104002, 2104003, 2104004, 2104005, 2104006, 2104007, 2104008, 2104009, 2104010, 2104011, 2104012, 2104013, 2104014, 2104015, 2104016, 2104017, 2104018, 2104019, 2104020, 2104021, 2104022, 2104023, 2104024, 2104025, 2104026, 2104027, 2104028, 2104029, 2104030, 2104031, 2104032, 2104033, 2104034, 2104035, 2104036, 2104037, 2104038, 2104039, 2104040, 2104041, 2104042, 2104043, 2104044, 2104045, 2104046, 2104047, 2104048, 2104049, 2104050, 2104101, 2104102, 2104103, 2104104, 2104105, 2104107, 2104108, 2104109, 2104110, 2104111, 2104112, 2104113, 2104115, 2104116, 2104117, 2104118, 2104119, 2104120, 2104121, 2104122, 2104123, 2104124, 2104125, 2104126, 2104128, 2104129, 2104130, 2104131, 2104132, 2104133, 2104134, 2104135, 2104136, 2104137, 2104138, 2104139, 2104140, 2104141, 2104143, 2104144, 2104145, 2104146, 2104147, 2104148, 2104149, 2104150, 2104151, 2104152, 2104153, 2104201, 2104202, 2104203, 2104204, 2104205, 2104206, 2104207, 2104208, 2104209, 2104210, 2104211, 2104212, 2104213, 2104215, 2104216, 2104217, 2104218, 2104219, 2104220, 2104221, 2104222, 2104223, 2104224, 2104225, 2104228, 2104229, 2104230, 2104231, 2104232, 2104233, 2104234, 2104235, 2104236, 2104237, 2104238, 2104239, 2104240, 2104242, 2104243, 2104244, 2104245, 2104246, 2104247, 2104248, 2104249, 2104301, 2104302, 2104303, 2104304, 2104305, 2104306, 2104307, 2104308, 2104309, 2104310, 2104311, 2104312, 2104313, 2104314, 2104315, 2104316, 2104317, 2104318, 2104319, 2104320, 2104321, 2104322, 2104324, 2104325, 2104326, 2104327, 2104329, 2104330, 2104331, 2104332, 2104333, 2104334, 2104335, 2104337, 2104338, 2104339, 2104340, 2104341, 2104342, 2104343, 2104344, 2104401, 2104402, 2104403, 2104404, 2104405, 2104406, 2104407, 2104408, 2104409, 2104410, 2104411, 2104412, 2104413, 2104414, 2104415, 2104416, 2104417, 2104418, 2104420, 2104422, 2104423, 2104424, 2104425, 2104426, 2104427, 2104428, 2104429, 2104501, 2104502, 2104503, 2104504, 2104505, 2104506, 2104507, 2104508, 2104509, 2104510, 2104511, 2104512, 2104513, 2104514, 2104515, 2104516, 2104517, 2104518, 2104519, 2104520, 2104521, 2104522, 2104523, 2104524, 2104525, 2104526, 2104527, 2104528, 2104530, 2104531, 2104532, 2104533, 2104534, 2104535, 2104536, 2104537, 2104601, 2104602, 2104603, 2104604, 2104605, 2104606, 2104607, 2104608, 2104609, 2104610, 2104611, 2104612, 2104613, 2104614, 2104615, 2104616, 2104617, 2104618, 2104619, 2104620, 2104621, 2104622, 2104623, 2104624, 2104625, 2104701, 2104702, 2104703, 2104704, 2104705, 2104706, 2104707, 2104708, 2104709, 2104710, 2104711, 2104712, 2104713, 2104714, 2104715, 2104716, 2104717, 2104718, 2104719, 2104720, 2104721, 2104722, 2104723, 2104724, 2104725, 2104726, 2104727, 2104728, 2104729, 2104730, 2104731, 2104732, 2104733, 2104734, 2104735, 2104736, 2104737, 2104738, 2104739, 2104740, 2104801, 2104802, 2104803, 2104804, 2104805, 2104806, 2104808, 2104809, 2104810, 2104811, 2104812, 2104813, 2104814, 2104815, 2104816, 2104817, 2104818, 2104819, 2104820, 2104821, 2104822, 2104823, 2104824, 2104825, 2104826, 2104827, 2104828, 2104829, 2104830, 2104831, 2104832, 2104833, 2105001, 2105002, 2105003, 2105004, 2105005, 2105006, 2105007, 2105008, 2105009, 2105010, 2105011, 2105012, 2105013, 2105014, 2105015, 2105016, 2105017, 2105018, 2105019, 2105020, 2105021, 2105022, 2105023, 2105024, 2105025, 2105026, 2105028, 2105029, 2105030, 2105031, 2105032, 2105033, 2105034, 2105035, 2105036, 2105037, 2105039, 2105040, 2105043, 2105044, 2105045, 2105046, 2105047, 2105048, 2105049, 2105050, 2105051, 2105101, 2105102, 2105103, 2105104, 2105105, 2105106, 2105107, 2105108, 2105109, 2105110, 2105111, 2105112, 2105113, 2105114, 2105115, 2105116, 2105117, 2105203, 2105204, 2105211]",Greater Geelong (C),21
117,IARE202005,Castlemaine - Kerang,"[['Castlemaine'], ['Kerang']]","[2102701, 2102702, 2102703, 2102704, 2102705, 2102706, 2102707, 2102708, 2102709, 2102710, 2102711, 2102712, 2102713, 2102714, 2102715, 2102716, 2102717, 2102718, 2102719, 2102720, 2102721, 2102722, 2102723, 2102724, 2102725, 2102726, 2102727, 2140201, 2140202, 2140203, 2140204, 2140205, 2140206, 2140207, 2140208, 2140209, 2140210, 2140211, 2140212, 2140213]","Castlemaine, Kerang",20
136,IARE201016,Mornington Peninsula,"[['Mornington', 'Peninsula']]","[2137701, 2137702, 2137703, 2137704, 2137705, 2137706, 2137707, 2137708, 2137709, 2137710, 2137711, 2137712, 2137713, 2137714, 2137715, 2137716, 2137717, 2137718, 2137719, 2137720, 2137721, 2137722, 2137723, 2137724, 2137725, 2137801, 2137802, 2137803, 2137804, 2137805, 2137806, 2137807, 2137808, 2137809, 2137810, 2137811, 2137812, 2137813, 2137814, 2137815, 2137816, 2137817, 2137818, 2137901, 2137902, 2137903, 2137904, 2137905, 2137906, 2137907, 2137908, 2137911, 2137912, 2137913, 2137914, 2137915, 2137916, 2137917, 2137918, 2137919, 2137920, 2137921, 2137922, 2137923, 2137924, 2137925, 2137926, 2137927, 2137928, 2137929, 2137930, 2137931, 2137932, 2137933, 2137934, 2137935, 2137936, 2137937, 2137938, 2137939, 2137940, 2137941, 2137942, 2137943, 2137944, 2137945, 2137946, 2137947, 2137948, 2137949, 2137950, 2138001, 2138002, 2138003, 2138004, 2138005, 2138006, 2138007, 2138008, 2138009, 2138010, 2138011, 2138012, 2138013, 2138014, 2138015, 2138016, 2138017, 2138018, 2138019, 2138020, 2138021, 2138022, 2138023, 2138024, 2138025, 2138026, 2138027, 2138028, 2138029, 2138030, 2138031, 2138032, 2138033, 2138034, 2138035, 2138036, 2138037, 2138038, 2138039, 2138040, 2138041, 2138042, 2138043, 2138044, 2138045, 2138046, 2138047, 2138048, 2138049, 2138050, 2138051, 2138052, 2138053, 2138054, 2138055, 2138056, 2138057, 2138058, 2138059, 2138101, 2138102, 2138103, 2138104, 2138105, 2138106, 2138107, 2138108, 2138109, 2138110, 2138111, 2138112, 2138113, 2138114, 2138115, 2138116, 2138117, 2138118, 2138119, 2138120, 2138121, 2138122, 2138123, 2138124, 2138125, 2138126, 2138127, 2138128, 2138129, 2138130, 2138131, 2138132, 2138133, 2138134, 2138135, 2138136, 2138137, 2138138, 2138139, 2138140, 2138141, 2138142, 2138143, 2138144, 2138201, 2138202, 2138203, 2138204, 2138205, 2138206, 2138207, 2138208, 2138209, 2138210, 2138211, 2138212, 2138213, 2138214, 2138215, 2138216, 2138217, 2138218, 2138219, 2138220, 2138221, 2138222, 2138223, 2138224, 2138225, 2138226, 2138227, 2138228, 2138229, 2138230, 2138231, 2138232, 2138233, 2138234, 2138235, 2138236, 2138237, 2138238, 2138239, 2138240, 2138301, 2138302, 2138303, 2138304, 2138305, 2138306, 2138308, 2138309, 2138310, 2138311, 2138312, 2138313, 2138314, 2138315, 2138316, 2138317, 2138318, 2138319, 2138320, 2138321, 2138322, 2138323, 2138324, 2138325, 2138327, 2138328, 2138329, 2138330, 2138331, 2138332, 2138333, 2138334, 2138335, 2138336, 2138337, 2138338, 2138339, 2138340, 2138341, 2138342, 2138343, 2138344, 2138345, 2138346, 2138347, 2138348, 2138401, 2138402, 2138403, 2138404, 2138405, 2138406, 2138407, 2138408, 2138409, 2138410, 2138411, 2138412, 2138413, 2138414, 2138415, 2138416, 2138417, 2138418, 2138419, 2138420, 2138421, 2138422, 2138424, 2138425, 2138426, 2138427, 2138428, 2138429, 2138430, 2138431, 2138432, 2138433, 2138434, 2138435, 2138436, 2138437, 2138438, 2138439, 2138440, 2138441, 2138442, 2138443, 2138444, 2138445, 2138446, 2138447, 2138448, 2138449, 2138450, 2138451, 2138452, 2138453, 2138501, 2138502, 2138503, 2138504, 2138505, 2138506, 2138507, 2138508, 2138509, 2138510, 2138511, 2138512, 2138513, 2138514, 2138515, 2138516, 2138517, 2138518, 2138519, 2138520, 2138521, 2138522, 2138523, 2138524, 2138525, 2138526, 2138527, 2138528, 2138529, 2138530, 2138531, 2138532, 2138533, 2138534, 2138535, 2138536, 2138537, 2138538, 2138539, 2138540, 2138541, 2138542, 2138543, 2138544, 2138545, 2138546, 2138547]",Mornington Peninsula (S),20
123,IARE201006,Greater Dandenong,"[['Greater', 'Dandenong']]","[2131101, 2131102, 2131103, 2131104, 2131105, 2131106, 2131107, 2131108, 2131109, 2131110, 2131111, 2131112, 2131113, 2131114, 2131116, 2131117, 2131118, 2131119, 2131120, 2131121, 2131122, 2131123, 2131124, 2131125, 2131126, 2131127, 2131128, 2131129, 2131130, 2131131, 2131132, 2131133, 2131134, 2131135, 2131136, 2131137, 2131138, 2131139, 2131140, 2131141, 2131142, 2131143, 2131144, 2131145, 2131146, 2131147, 2131148, 2131149, 2131150, 2131151, 2131152, 2131153, 2131154, 2131155, 2131156, 2131157, 2131158, 2131159, 2131160, 2131161, 2131162, 2131163, 2131164, 2131201, 2131202, 2131203, 2131204, 2131205, 2131206, 2131207, 2131208, 2131209, 2131210, 2131211, 2131212, 2131213, 2131214, 2131215, 2131216, 2131217, 2131218, 2131219, 2131220, 2131221, 2131222, 2131223, 2131224, 2131225, 2131226, 2131227, 2131228, 2131229, 2131230, 2131231, 2131232, 2131233, 2131234, 2131235, 2131236, 2131237, 2131238, 2131239, 2131240, 2131241, 2131242, 2131243, 2131244, 2131245, 2131246, 2131247, 2131248, 2131249, 2131250, 2131251, 2131252, 2131253, 2131254, 2131255, 2131401, 2131404, 2131405, 2131406, 2131407, 2131408, 2131409, 2131410, 2131411, 2131412, 2131413, 2131414, 2131415, 2131416, 2131417, 2131418, 2131419, 2131420, 2131421, 2131422, 2131423, 2131424, 2131425, 2131426, 2131427, 2131428, 2131429, 2131430, 2131431, 2131432, 2131433, 2131434, 2131435, 2131436, 2131437, 2131438, 2131439, 2131440, 2131441, 2131442, 2131443, 2131444, 2131445, 2131446, 2131447, 2131448, 2131449, 2131450, 2131451, 2131452, 2131453, 2131454, 2131455, 2131456, 2131457, 2131458, 2131459, 2131460, 2131461, 2131601, 2131602, 2131603, 2131604, 2131605, 2131606, 2131607, 2131608, 2131609, 2131610, 2131611, 2131612, 2131613, 2131614, 2131615, 2131616, 2131617, 2131618, 2131701, 2131702, 2131703, 2131704, 2131705, 2131706, 2131707, 2131708, 2131709, 2131710, 2131711, 2131712, 2131713, 2131714, 2131715, 2131716, 2131717, 2131718, 2131719, 2131720, 2131721, 2131722, 2131723, 2131724, 2131725, 2131726, 2131727, 2131728, 2131729, 2131730, 2131731, 2131732, 2131733, 2131734, 2131735, 2131736, 2131737, 2131738, 2131739, 2131740, 2131741, 2131742, 2131743, 2131744, 2131745, 2131746, 2131747, 2131748, 2131749, 2131801, 2131802, 2131803, 2131804, 2131805, 2131806, 2131807, 2131808, 2131809, 2131810, 2131811, 2131812, 2131813, 2131814, 2131815, 2131816, 2131817, 2131818, 2131819, 2131820, 2131821, 2131822, 2131823, 2131824, 2131825, 2131826, 2145901, 2145902, 2145903, 2145904, 2145905, 2145906, 2145907, 2145908, 2145909, 2145910, 2145911, 2145912, 2145913, 2145914, 2145915, 2145916, 2145917, 2145918, 2145919, 2145920, 2145921, 2145922, 2145923, 2146001, 2146002, 2146003, 2146004, 2146005, 2146006, 2146007, 2146008, 2146009, 2146010, 2146011, 2146012, 2146013, 2146014, 2146015, 2146016, 2146017, 2146018, 2146019, 2146020, 2146021, 2146022, 2146023, 2146024, 2146025, 2146026, 2146027, 2146028, 2146029, 2146030, 2146031, 2146032, 2146033, 2146034, 2146035]",Greater Dandenong (C),17
143,IARE202016,Wallan - Seymour,"[['Wallan'], ['Seymour']]","[2122401, 2122402, 2122403, 2122404, 2122405, 2122406, 2122407, 2122408, 2122409, 2122410, 2122411, 2122413, 2122414, 2122415, 2122416, 2122417, 2122418, 2122419, 2122420, 2122421, 2122422, 2122423, 2122424, 2122425, 2122426, 2122428, 2122429, 2122430, 2122431, 2105901, 2105902, 2105903, 2105904, 2105905, 2105906, 2105907, 2105908, 2105909, 2105910, 2105911, 2105912, 2105913, 2105914, 2105915, 2105916, 2105917]","Wallan, Seymour",16
148,IARE201019,Wyndham - Altona,"[['Wyndham'], ['Altona']]","[2136101, 2136102, 2136103, 2136104, 2136105, 2136106, 2136107, 2136108, 2136109, 2136110, 2136111, 2136112, 2136113, 2136114, 2136115, 2136116, 2136117, 2136118, 2136119, 2136120, 2136121, 2136122, 2136123, 2136124, 2136125, 2136127, 2136128, 2136129, 2136130, 2136131, 2136132, 2136133, 2136134, 2136135, 2136136, 2136137, 2136138, 2136139, 2136140, 2136141, 2136142, 2136143, 2136144, 2136145, 2136146, 2136147, 2136148, 2136149, 2136150, 2136201, 2136202, 2136203, 2136204, 2136205, 2136206, 2136207, 2136208, 2136209, 2136210, 2136211, 2136212, 2136213, 2136214, 2136215, 2136216, 2136217, 2136218, 2136219, 2136220, 2136221, 2136222, 2136223, 2136224, 2136225, 2136226, 2136227, 2136228, 2136229, 2136230, 2136231, 2136232, 2136233, 2136234, 2136235, 2136236, 2136237, 2136238, 2136239, 2136240, 2136241, 2136242, 2136243, 2136244, 2136245, 2136246, 2136247, 2136248, 2136249, 2136250, 2136304, 2136307, 2136314, 2136316, 2136317, 2136501, 2136504, 2136507, 2136508, 2136509, 2136510, 2136511, 2136513, 2136514, 2136515, 2136516, 2136517, 2136518, 2136519, 2136520, 2136521, 2136523, 2136525, 2136526, 2136527, 2136528, 2136529, 2136531, 2136533, 2136534, 2136535, 2136536, 2136537, 2136538, 2136539, 2136540, 2136541, 2136542, 2136543, 2136544, 2136545, 2136546, 2136547, 2136548, 2136549, 2136550, 2136551, 2136552, 2136553, 2136554, 2136555, 2136556, 2136557, 2136558, 2136559, 2136560, 2136561, 2136562, 2136563, 2136564, 2136565, 2136566, 2136601, 2136604, 2136605, 2136606, 2136607, 2136611, 2136612, 2136613, 2136614, 2136615, 2136616, 2136617, 2136618, 2136619, 2136620, 2136621, 2136622, 2136623, 2136624, 2136625, 2136626, 2136627, 2136628, 2136629, 2136630, 2136631, 2136632, 2136633, 2136634, 2136635, 2136801, 2136802, 2136803, 2136804, 2136805, 2136806, 2136807, 2136808, 2136809, 2136810, 2136811, 2136812, 2136813, 2136814, 2136815, 2136816, 2136817, 2136818, 2136819, 2136820, 2136821, 2136822, 2136823, 2136824, 2136825, 2136826, 2136827, 2136828, 2136901, 2136902, 2136903, 2136904, 2136905, 2136906, 2136907, 2136908, 2136909, 2136910, 2136911, 2136915, 2136916, 2136919, 2136921, 2136923, 2136924, 2136926, 2136927, 2136928, 2136929, 2136930, 2136931, 2136932, 2136933, 2136934, 2136935, 2136938, 2136939, 2136940, 2136941, 2136942, 2136943, 2136944, 2136945, 2136946, 2136947, 2136948, 2136949, 2136950, 2136951, 2136952, 2136953, 2136954, 2136955, 2136956, 2136957, 2136958, 2136959, 2136960, 2136961, 2136962, 2136963, 2136964, 2136965, 2136966, 2136967, 2136968, 2136969, 2136970, 2146401, 2146402, 2146403, 2146404, 2146405, 2146406, 2146407, 2146408, 2146409, 2146410, 2146411, 2146412, 2146413, 2146414, 2146415, 2146416, 2146501, 2146502, 2146503, 2146504, 2146505, 2146506, 2146507, 2146508, 2146509, 2146510, 2146511, 2146512, 2146513, 2146514, 2146515, 2146516, 2146517, 2146518, 2146519, 2146520, 2146521, 2146522, 2146523, 2146524, 2146525, 2146526, 2146527, 2146528, 2146529, 2146530, 2146531, 2146532, 2146533, 2146534, 2146535, 2146536, 2146537, 2146538, 2146539, 2146540, 2146541, 2146542, 2146543, 2146544, 2146545, 2146546, 2146547, 2146548, 2146601, 2146602, 2146603, 2146604, 2146605, 2146606, 2146607, 2146608, 2146609, 2146610, 2146611, 2146612, 2146613, 2146614, 2146615, 2146616, 2146617, 2146618, 2146619, 2146620, 2146621, 2146622, 2146623, 2146624, 2146625, 2146626, 2146701, 2146702, 2146703, 2146704, 2146705, 2146706, 2146707, 2146708, 2146709, 2146710, 2146711, 2146712, 2146713, 2146714, 2146715, 2146716, 2146717, 2146718, 2146719, 2146720, 2146721, 2146722, 2146723, 2146724, 2146725, 2146726, 2146727, 2146728, 2146729, 2146730, 2146731, 2146732, 2146733, 2146734, 2146735, 2146736, 2146737, 2146738, 2146739, 2146740, 2146741, 2146742, 2146743, 2146744, 2146745, 2146746, 2146747, 2146748, 2146801, 2146802, 2146803, 2146804, 2146805, 2146806, 2146807, 2146808, 2146809, 2146810, 2146811, 2146812, 2146813, 2146814, 2146815, 2146816, 2146817, 2146818, 2146819, 2146820, 2146821, 2146822, 2146823, 2146824, 2146825, 2146826, 2146827, 2146828, 2134101, 2134102, 2134103, 2134104, 2134105, 2134106, 2134107, 2134108, 2134109, 2134110, 2134111, 2134112, 2134113, 2134114, 2134115, 2134116, 2134118, 2134119, 2134120, 2134121, 2134123, 2134124, 2134125, 2134126, 2134127, 2134128, 2134129, 2134130, 2134131, 2134132, 2134133, 2134134]","Wyndham (C), Altona",16
129,IARE201010,Melbourne - East,"[['Melbourne', 'East']]","[2111901, 2111902, 2111903, 2111904, 2111905, 2111906, 2111907, 2111908, 2111909, 2111910, 2111911, 2111912, 2111913, 2111914, 2111915]",,16
149,IARE201020,Yarra Ranges,"[['Yarra', 'Ranges']]","[2106101, 2126220, 2127401, 2127402, 2127403, 2127404, 2127405, 2127406, 2127407, 2127408, 2127410, 2127411, 2127412, 2127413, 2127414, 2127415, 2127416, 2127417, 2127418, 2127419, 2127420, 2127421, 2127422, 2127423, 2127424, 2127425, 2127426, 2127427, 2127428, 2127429, 2127430, 2127431, 2127501, 2127502, 2127503, 2127504, 2127505, 2127506, 2127507, 2127508, 2127509, 2127510, 2127511, 2127512, 2127513, 2127514, 2127515, 2127516, 2127517, 2127518, 2127519, 2127520, 2127521, 2127522, 2127523, 2127524, 2127525, 2127601, 2127602, 2127603, 2127604, 2127605, 2127606, 2127607, 2127608, 2127609, 2127610, 2127611, 2127612, 2127613, 2127614, 2127615, 2127616, 2127617, 2127618, 2127619, 2127620, 2127621, 2127622, 2127623, 2127624, 2127625, 2127626, 2127627, 2127628, 2127629, 2127630, 2127631, 2127632, 2127633, 2127634, 2127635, 2127701, 2127702, 2127703, 2127704, 2127705, 2127706, 2127707, 2127708, 2127709, 2127710, 2127711, 2127712, 2127713, 2127714, 2127715, 2127716, 2127717, 2127718, 2127719, 2127720, 2127801, 2127802, 2127803, 2127804, 2127805, 2127806, 2127807, 2127808, 2127809, 2127810, 2127811, 2127812, 2127813, 2127814, 2127815, 2127816, 2127817, 2127818, 2127819, 2127820, 2127821, 2127822, 2127823, 2127824, 2127825, 2127826, 2127827, 2127828, 2127829, 2127830, 2127831, 2127832, 2127833, 2127834, 2127835, 2127836, 2127837, 2127838, 2127839, 2127840, 2127841, 2127842, 2127843, 2127844, 2127845, 2127846, 2127847, 2127901, 2127902, 2127903, 2127904, 2127905, 2127906, 2127907, 2127908, 2127909, 2127910, 2127911, 2127912, 2127913, 2127914, 2128001, 2128002, 2128003, 2128004, 2128005, 2128006, 2128007, 2128008, 2128009, 2128010, 2128011, 2128012, 2128013, 2128014, 2128015, 2128016, 2128017, 2128018, 2128101, 2128102, 2128103, 2128104, 2128105, 2128106, 2128107, 2128108, 2128109, 2128110, 2128111, 2128112, 2128113, 2128114, 2128115, 2128116, 2128117, 2128118, 2128119, 2128120, 2128121, 2128122, 2128123, 2128124, 2128125, 2128126, 2128127, 2128128, 2128129, 2128130, 2128131, 2128132, 2128133, 2128134, 2128135, 2128136, 2128137, 2128138, 2128139, 2128140, 2128141, 2128142, 2128143, 2128144, 2128145, 2128146, 2128147, 2128201, 2128202, 2128203, 2128204, 2128205, 2128206, 2128207, 2128208, 2128209, 2128210, 2128211, 2128212, 2128213, 2128214, 2128215, 2128216, 2128217, 2128218, 2128219, 2128220, 2128221, 2128222, 2128223, 2128224, 2128225, 2128226, 2128227, 2128228, 2128229, 2128230, 2128231, 2128232, 2128301, 2128302, 2128303, 2128304, 2128305, 2128306, 2128307, 2128308, 2128309, 2128310, 2128311, 2128312, 2128313, 2128314, 2128315, 2128316, 2128317, 2128318, 2128319, 2128320, 2128321, 2128322, 2128323, 2128324, 2128325, 2128326, 2128401, 2128402, 2128403, 2128404, 2128405, 2128406, 2128407, 2128408, 2128409, 2128410, 2128411, 2128412, 2128413, 2128414, 2128415, 2128416, 2128417, 2128418, 2128419, 2128420, 2128421, 2128422, 2128423, 2128424, 2128425, 2128426, 2128427, 2128501, 2128502, 2128503, 2128504, 2128505, 2128506, 2128507, 2128508, 2128509, 2128510, 2128511, 2128512, 2128513, 2128514, 2128515, 2128516, 2128517, 2128518, 2128519, 2128520, 2128521, 2128522, 2128523, 2128524, 2128525, 2128526, 2128601, 2128602, 2128603, 2128604, 2128605, 2128606, 2128607, 2128608, 2128609, 2128610, 2128612, 2128613, 2128614, 2128615, 2128616, 2128617, 2128618, 2128619, 2128620, 2128621, 2128622, 2128623, 2128625, 2128626, 2128627, 2128628, 2128629, 2128630, 2128631, 2128632, 2128633, 2128634, 2128635, 2128636, 2128637, 2128638, 2128639, 2128640, 2128641, 2128642, 2128643, 2128644, 2128645, 2128646, 2128647, 2128648, 2128649, 2128650, 2128651, 2128652, 2128653, 2128654, 2128655, 2128656, 2128657, 2128951]",Yarra Ranges (S),12
144,IARE202017,Warrnambool,[['Warrnambool']],"[2147901, 2147902, 2147903, 2147904, 2147905, 2147906, 2147907, 2147908, 2147909, 2147910, 2147911, 2147912, 2147913, 2147914, 2147915, 2147916, 2147917, 2147918, 2147919, 2147920, 2147921, 2147922, 2147923, 2147924, 2147925, 2147926, 2147927, 2147928, 2147929, 2147930, 2147931, 2147932, 2147933, 2147934, 2147935, 2147936, 2147937, 2147938, 2147939, 2147940, 2147941, 2147942, 2147943, 2147944, 2147945, 2147946, 2147947, 2147948, 2147949, 2147950, 2147951, 2147952, 2147953, 2147954, 2148001, 2148002, 2148003, 2148004, 2148005, 2148006, 2148007, 2148008, 2148009, 2148010, 2148011, 2148012, 2148013, 2148014, 2148015, 2148016, 2148017, 2148018, 2148019, 2148020, 2148021, 2148022, 2148023, 2148024, 2148025, 2148026, 2148027, 2148028, 2148029, 2148030, 2148032, 2148033, 2148034, 2148035]",Warrnambool (C),11
145,IARE201018,Whitehorse,[['Whitehorse']],"[2116101, 2116102, 2116103, 2116104, 2116105, 2116106, 2116107, 2116108, 2116109, 2116110, 2116111, 2116112, 2116113, 2116114, 2116115, 2116116, 2116117, 2116118, 2116119, 2116120, 2116121, 2116122, 2116123, 2116124, 2116125, 2116126, 2116127, 2116128, 2116129, 2116130, 2116131, 2116132, 2116133, 2116134, 2116135, 2116136, 2116137, 2116138, 2116139, 2116140, 2116141, 2116142, 2116143, 2116144, 2116145, 2116201, 2116202, 2116203, 2116204, 2116205, 2116206, 2116207, 2116208, 2116209, 2116210, 2116211, 2116212, 2116213, 2116214, 2116215, 2116216, 2116217, 2116218, 2116219, 2116220, 2116221, 2116222, 2116223, 2116224, 2116225, 2116301, 2116302, 2116303, 2116304, 2116305, 2116306, 2116307, 2116308, 2116309, 2116310, 2116311, 2116312, 2116313, 2116314, 2116315, 2116316, 2116318, 2116319, 2116320, 2116321, 2116322, 2116323, 2116324, 2116325, 2116326, 2116327, 2116328, 2116329, 2116330, 2116331, 2116332, 2116333, 2116334, 2116335, 2116336, 2116337, 2116338, 2116339, 2116340, 2116341, 2116342, 2116343, 2116344, 2116401, 2116402, 2116403, 2116404, 2116405, 2116406, 2116407, 2116408, 2116409, 2116410, 2116411, 2116412, 2116413, 2116414, 2116415, 2116416, 2116417, 2116418, 2116419, 2116420, 2116421, 2116422, 2116423, 2116424, 2116425, 2116426, 2116427, 2116428, 2116429, 2116430, 2116431, 2116432, 2116433, 2116434, 2116435, 2116436, 2116437, 2116501, 2116502, 2116503, 2116504, 2116505, 2116506, 2116507, 2116508, 2116509, 2116510, 2116511, 2116512, 2116513, 2116514, 2116515, 2116516, 2116517, 2116518, 2116520, 2116521, 2116522, 2116523, 2116524, 2116525, 2116526, 2116527, 2116528, 2116529, 2116601, 2116602, 2116603, 2116604, 2116605, 2116606, 2116607, 2116608, 2116609, 2116610, 2116611, 2116612, 2116613, 2116614, 2116615, 2116616, 2116617, 2116618, 2116619, 2116620, 2116621, 2116622, 2116623, 2116624, 2116625, 2116626, 2116627, 2116701, 2116702, 2116703, 2116704, 2116705, 2116706, 2116707, 2116708, 2116709, 2116710, 2116711, 2116712, 2116713, 2116714, 2116715, 2116716, 2116717, 2116718, 2116719, 2116720, 2116721, 2116722, 2116723, 2126901, 2126902, 2126903, 2126904, 2126905, 2126906, 2126907, 2126908, 2126909, 2126910, 2126911, 2126912, 2126913, 2126914, 2126915, 2126916, 2126917, 2126918, 2126919, 2126920, 2126921, 2126922, 2127001, 2127002, 2127003, 2127004, 2127005, 2127006, 2127007, 2127008, 2127009, 2127010, 2127011, 2127012, 2127013, 2127014, 2127015, 2127016, 2127017, 2127018, 2127019, 2127020, 2127021, 2127022, 2127023, 2127024, 2127025, 2127026, 2127027, 2127028, 2127029, 2127030, 2127031, 2127032, 2127033, 2127034, 2127035, 2127036, 2127037, 2127038, 2127039, 2127040, 2127101, 2127102, 2127103, 2127104, 2127105, 2127106, 2127107, 2127108, 2127109, 2127110, 2127111, 2127112, 2127113, 2127114, 2127115, 2127116, 2127117, 2127118, 2127119, 2127120, 2127121, 2127122, 2127123, 2127124, 2127125, 2127126, 2127128, 2127129, 2127201, 2127202, 2127203, 2127204, 2127205, 2127206, 2127207, 2127208, 2127209, 2127210, 2127211, 2127212, 2127213, 2127214, 2127215, 2127216, 2127217, 2127219, 2127220, 2127221, 2127222, 2127223, 2127224, 2127225, 2127301, 2127302, 2127303, 2127304, 2127305, 2127306, 2127307, 2127308, 2127309, 2127310, 2127311, 2127312, 2127313, 2127314, 2127315, 2127316, 2127317, 2127318, 2127319, 2127320, 2127321, 2127322, 2127323, 2127324, 2127325, 2127326, 2127327, 2127328, 2127329, 2127330]",Whitehorse (C),10
141,IARE202014,Swan Hill,"[['Swan', 'Hill']]","[2140301, 2140302, 2140303, 2140304, 2140305, 2140306, 2140307, 2140308, 2140309, 2140310, 2140311, 2140312, 2140401, 2140402, 2140403, 2140404, 2140405, 2140406, 2140407, 2140408, 2140409, 2140411, 2140412, 2140413, 2140414, 2140415, 2140416, 2140417, 2140418, 2140419, 2140420, 2140421, 2140422, 2140423, 2140424, 2140425, 2140426, 2140427, 2140428, 2140501, 2140502, 2140503, 2140504, 2140505, 2140506, 2140507, 2140508, 2140509, 2140510, 2140511, 2140512, 2140513, 2140514, 2140515, 2140516, 2140517, 2140518, 2140519, 2140520, 2140521, 2140522, 2140523]",Swan Hill (RC),9
120,IARE201005,Frankston,[['Frankston']],"[2137001, 2137002, 2137003, 2137004, 2137006, 2137008, 2137009, 2137010, 2137011, 2137012, 2137014, 2137015, 2137016, 2137017, 2137018, 2137019, 2137020, 2137021, 2137022, 2137025, 2137026, 2137027, 2137028, 2137029, 2137030, 2137031, 2137033, 2137034, 2137035, 2137036, 2137037, 2137038, 2137039, 2137040, 2137041, 2137042, 2137043, 2137044, 2137045, 2137046, 2137047, 2137048, 2137049, 2137050, 2137051, 2137052, 2137053, 2137054, 2137055, 2137056, 2137057, 2137101, 2137102, 2137103, 2137104, 2137105, 2137106, 2137107, 2137108, 2137109, 2137110, 2137111, 2137112, 2137113, 2137114, 2137115, 2137116, 2137117, 2137118, 2137119, 2137120, 2137121, 2137122, 2137123, 2137124, 2137125, 2137126, 2137127, 2137128, 2137129, 2137130, 2137131, 2137132, 2137133, 2137134, 2137135, 2137136, 2137137, 2137138, 2137139, 2137140, 2137141, 2137142, 2137143, 2137144, 2137145, 2137146, 2137147, 2137148, 2137149, 2137150, 2137151, 2137152, 2137153, 2137154, 2137155, 2137201, 2137202, 2137203, 2137204, 2137205, 2137206, 2137207, 2137208, 2137209, 2137210, 2137211, 2137212, 2137213, 2137214, 2137215, 2137216, 2137217, 2137218, 2137219, 2137220, 2137221, 2137222, 2137223, 2137224, 2137225, 2137226, 2137227, 2137228, 2137229, 2137230, 2137231, 2137232, 2137233, 2137234, 2137235, 2137236, 2137237, 2137238, 2137239, 2137240, 2137241, 2137242, 2137243, 2137244, 2137245, 2137246, 2137247, 2137248, 2137301, 2137302, 2137303, 2137304, 2137305, 2137306, 2137307, 2137308, 2137309, 2137310, 2137311, 2137312, 2137313, 2137314, 2137315, 2137316, 2137317, 2137318, 2137319, 2137320, 2137321, 2137322, 2137323, 2137324, 2137325, 2137326, 2137327, 2137328, 2137329, 2137330, 2137331, 2137332, 2137333, 2137334, 2137335, 2137336, 2137337, 2137338, 2137339, 2137340, 2137341, 2137342, 2137343, 2137344, 2137345, 2137346, 2137401, 2137402, 2137403, 2137404, 2137405, 2137406, 2137408, 2137409, 2137410, 2137411, 2137412, 2137413, 2137415, 2137416, 2137417, 2137418, 2137419, 2137420, 2137421, 2137422, 2137423, 2137424, 2137425, 2137426, 2137427, 2137428, 2137429, 2137430, 2137431, 2137432, 2137433, 2137434, 2137435, 2137436, 2137437, 2137438, 2137439, 2137440, 2137441, 2137442, 2137443, 2137444, 2137445, 2137446, 2137447, 2137448, 2137449, 2137450, 2137451, 2137452, 2137453, 2137454, 2137455, 2137501, 2137502, 2137503, 2137504, 2137505, 2137506, 2137507, 2137508, 2137509, 2137510, 2137511, 2137512, 2137513, 2137514, 2137515, 2137516, 2137517, 2137518, 2137519, 2137520, 2137521, 2137522, 2137523, 2137524, 2137525, 2137526, 2137527, 2137528, 2137529, 2137530, 2137531, 2137532, 2137533, 2137534, 2137535, 2137536, 2137537, 2137538, 2137539, 2137540, 2137541, 2137601, 2137603, 2137604, 2137605, 2137606, 2137607, 2137608, 2137609, 2137610, 2137611, 2137612, 2137613, 2137614, 2137615, 2137616, 2137618, 2137619, 2137620, 2137621, 2137622, 2137623, 2137624, 2137625, 2137626, 2137627, 2137628, 2137629, 2137630, 2137631, 2137632]",Frankston (C),9
128,IARE201009,Maroondah,[['Maroondah']],"[2126301, 2126302, 2126303, 2126304, 2126305, 2126306, 2126307, 2126308, 2126309, 2126310, 2126311, 2126312, 2126313, 2126314, 2126315, 2126316, 2126317, 2126318, 2126319, 2126320, 2126321, 2126322, 2126323, 2126324, 2126325, 2126326, 2126327, 2126328, 2126329, 2126330, 2126501, 2126502, 2126503, 2126504, 2126505, 2126506, 2126507, 2126508, 2126509, 2126510, 2126511, 2126512, 2126513, 2126514, 2126515, 2126516, 2126517, 2126518, 2126519, 2126520, 2126521, 2126522, 2126523, 2126524, 2126525, 2126526, 2126527, 2126528, 2126529, 2126530, 2126531, 2126532, 2126533, 2126534, 2126535, 2126536, 2126537, 2126538, 2126539, 2126540, 2126541, 2126542, 2126543, 2126544, 2126601, 2126602, 2126603, 2126604, 2126605, 2126606, 2126607, 2126608, 2126609, 2126610, 2126611, 2126612, 2126613, 2126614, 2126615, 2126616, 2126617, 2126618, 2126619, 2126620, 2126621, 2126622, 2126623, 2126624, 2126625, 2126626, 2126627, 2126628, 2126629, 2126630, 2126631, 2126632, 2126633, 2126634, 2126635, 2126636, 2126637, 2126638, 2126639, 2126640, 2126641, 2126642, 2126643, 2126644, 2126645, 2126646, 2126647, 2126648, 2126701, 2126702, 2126703, 2126704, 2126705, 2126706, 2126707, 2126708, 2126709, 2126710, 2126711, 2126712, 2126713, 2126714, 2126715, 2126716, 2126717, 2126718, 2126719, 2126720, 2126721, 2126722, 2126723, 2126724, 2126725, 2126726, 2126727, 2126728, 2126729, 2126730, 2126731, 2126732, 2126733, 2126734, 2126735, 2126736, 2126737, 2126738, 2126739, 2126740, 2126741, 2126742, 2126743, 2126744, 2126745, 2126746, 2126747, 2126801, 2126802, 2126803, 2126804, 2126805, 2126806, 2126807, 2126808, 2126809, 2126810, 2126811, 2126812, 2126813, 2126814, 2126815, 2126816, 2126817, 2126818, 2126819, 2126820, 2126821, 2126822, 2126823, 2127218, 2145001, 2145002, 2145003, 2145004, 2145005, 2145006, 2145007, 2145008, 2145009, 2145010, 2145011, 2145012, 2145013, 2145014, 2145015, 2145016, 2145017, 2145018, 2145019, 2145020, 2145021, 2145022, 2145023, 2145024, 2145025, 2145026, 2145027, 2145028, 2145029, 2145030, 2145031, 2145032, 2145033, 2145034, 2145035, 2145036, 2145037, 2145038, 2145101, 2145102, 2145103, 2145104, 2145105, 2145106, 2145107, 2145108, 2145109, 2145110, 2145111, 2145112, 2145113, 2145114, 2145115, 2145116, 2145117, 2145118, 2145119, 2145120, 2145121, 2145122, 2145123, 2145124, 2145125, 2145126, 2145201, 2145202, 2145203, 2145204, 2145205, 2145206, 2145207, 2145208, 2145209, 2145210, 2145211, 2145212, 2145213]",Maroondah (C),9
122,IARE202007,Gippsland,[['Gippsland']],"[2108001, 2108101, 2108104, 2108105, 2108106, 2108107, 2108109, 2108110, 2108111, 2108112, 2108113, 2108114, 2108115, 2108116, 2108117, 2108118, 2108119, 2108120, 2108121, 2108122, 2108123, 2108124, 2108125, 2108126, 2108127, 2108128, 2108129, 2108130, 2108131, 2108132, 2108133, 2108134, 2108135, 2108136, 2108137, 2108138, 2108139, 2108201, 2108202, 2108203, 2108204, 2108205, 2108206, 2108207, 2108208, 2108209, 2108210, 2108211, 2108212, 2108213, 2108214, 2108215, 2108216, 2108217, 2108218, 2108219, 2108220, 2108221, 2108222, 2108224, 2108225, 2108301, 2108401, 2108402, 2108403, 2108404, 2108405, 2108406, 2108407, 2108408, 2108409, 2108410, 2108411, 2108412, 2108413, 2108414, 2108415, 2108416, 2108417, 2108418, 2108419, 2108420, 2108421, 2108422, 2108423, 2108424, 2108425, 2108426, 2108427, 2108428, 2108501, 2108502, 2108503, 2108504, 2108505, 2108506, 2108507, 2108508, 2108509, 2108510, 2108511, 2108512, 2108513, 2108514, 2108515, 2108516, 2108517, 2108518, 2108519, 2108520, 2108521, 2108522, 2108601, 2108602, 2108603, 2108604, 2108605, 2108606, 2108607, 2108608, 2108609, 2108610, 2108611, 2108612, 2108613, 2108614, 2108615, 2108616, 2108617]",East Gippsland (S),9
114,IARE201001,Brimbank,[['Brimbank']],"[2122801, 2122802, 2122803, 2122804, 2122806, 2122807, 2122808, 2122809, 2122810, 2122811, 2122812, 2122813, 2122814, 2122815, 2122816, 2122817, 2122818, 2122819, 2122820, 2122821, 2122822, 2122823, 2122824, 2122825, 2122826, 2132801, 2132802, 2132803, 2132804, 2132805, 2132806, 2132807, 2132808, 2132809, 2132810, 2132811, 2132812, 2132813, 2132814, 2132815, 2132816, 2132817, 2132818, 2132819, 2132901, 2132902, 2132903, 2132904, 2132905, 2132906, 2132907, 2132908, 2132909, 2132910, 2132911, 2132912, 2132913, 2132914, 2132915, 2132916, 2132917, 2132918, 2132919, 2133001, 2133002, 2133003, 2133004, 2133005, 2133006, 2133007, 2133009, 2133010, 2133011, 2133012, 2133013, 2133014, 2133015, 2133016, 2133017, 2133018, 2133019, 2133020, 2133022, 2133023, 2133024, 2133028, 2133029, 2133030, 2133031, 2133032, 2133033, 2133034, 2133035, 2133036, 2133037, 2133038, 2133039, 2133040, 2133041, 2133042, 2133043, 2133044, 2133045, 2133047, 2133048, 2133049, 2133050, 2133051, 2133052, 2133053, 2133054, 2133055, 2133056, 2133057, 2133058, 2133059, 2133060, 2133061, 2133062, 2133063, 2133064, 2133065, 2133066, 2133067, 2133068, 2133069, 2133101, 2133102, 2133103, 2133104, 2133105, 2133106, 2133107, 2133108, 2133109, 2133110, 2133111, 2133112, 2133113, 2133114, 2133115, 2133116, 2133117, 2133118, 2133119, 2133120, 2133121, 2133122, 2133123, 2133201, 2133202, 2133203, 2133204, 2133205, 2133206, 2133207, 2133208, 2133209, 2133210, 2133211, 2133212, 2133213, 2133214, 2133215, 2133216, 2133217, 2133218, 2133219, 2133220, 2133221, 2133222, 2133223, 2133224, 2133225, 2133226, 2133227, 2133228, 2133229, 2133230, 2133231, 2133232, 2133233, 2133234, 2133235, 2133236, 2133237, 2133238, 2133239, 2133240, 2133301, 2133302, 2133303, 2133304, 2133305, 2133306, 2133307, 2133308, 2133309, 2133310, 2133311, 2133312, 2133313, 2133314, 2133315, 2133316, 2133317, 2133318, 2133319, 2133320, 2133321, 2133322, 2133323, 2133324, 2133325, 2133326, 2133327, 2133328, 2133329, 2133330, 2133331, 2133332, 2133333, 2133401, 2133402, 2133403, 2133404, 2133405, 2133406, 2133407, 2133408, 2133409, 2133410, 2133411, 2133412, 2133413, 2133414, 2133415, 2133416, 2133417, 2133418, 2133419, 2133420, 2133421, 2133422, 2133423, 2133424, 2133425, 2133426, 2133427, 2133428, 2133429, 2133430, 2133431, 2133432, 2133433, 2133434, 2133435, 2133436, 2133437, 2133438, 2133439, 2133440, 2133441, 2133442, 2133443, 2133444, 2133445, 2133501, 2133502, 2133503, 2133504, 2133505, 2133506, 2133507, 2133508, 2133509, 2133510, 2133511, 2133512, 2133513, 2133514, 2133515, 2133516, 2133517, 2133518, 2133519, 2133520, 2133521, 2133522, 2133523, 2133524, 2133525, 2133526, 2133527, 2133528, 2133529, 2133530, 2133531, 2133532, 2133533, 2133534, 2133535, 2133536, 2133537, 2133538, 2133601, 2133602, 2133603, 2133604, 2133605, 2133606, 2133607, 2133608, 2133609, 2133610, 2133611, 2133612, 2133613, 2133614, 2133615, 2133616, 2133617, 2133618, 2133619, 2133701, 2133702, 2133703, 2133704, 2133705, 2133706, 2133707, 2133708, 2133709, 2133710, 2133711, 2133712, 2133713, 2133714, 2133715, 2133716, 2133717, 2133718, 2133719, 2133720, 2133721, 2133722, 2133723, 2133724, 2133725, 2133726, 2133801, 2133802, 2133803, 2133804, 2133805, 2133806, 2133807, 2133808, 2133809, 2133810, 2133811, 2133812, 2133813, 2133814, 2133815, 2133816, 2133817, 2133818, 2133819, 2133820, 2133821, 2133822, 2133823, 2133824, 2133825, 2133826, 2133827, 2133828, 2133829, 2133830, 2133831, 2133832, 2133833, 2133834, 2133835, 2133836, 2133837, 2133838, 2133839, 2133840, 2133841, 2133842, 2133843, 2133844, 2133845, 2133901, 2133902, 2133903, 2133904, 2133905, 2133906, 2133907, 2133908, 2133909, 2133910, 2133911, 2133912, 2133913, 2133914, 2133915, 2133916, 2133917, 2133918, 2133919, 2133920, 2133921, 2133922, 2133923, 2133924, 2133925, 2133926, 2133927, 2134001, 2134002, 2134003, 2134004, 2134005, 2134006, 2134007, 2134008, 2134009, 2134010, 2134011, 2134012, 2134013, 2134014, 2134015, 2134016, 2134017, 2134018, 2134019, 2134020, 2134021, 2134022, 2134023, 2134024, 2134025, 2134026, 2134027, 2134028, 2134029, 2134030, 2134031, 2134032, 2134033, 2134034, 2134035, 2134036, 2134037, 2134038, 2134039, 2134040, 2134041, 2134042, 2134043, 2134044, 2134045, 2134046, 2134047, 2134048, 2134049]",Brimbank (C),8
116,IARE201002,Cardinia,[['Cardinia']],"[2127409, 2128701, 2128702, 2128703, 2128705, 2128706, 2128707, 2128708, 2128710, 2128711, 2128712, 2128713, 2128714, 2128715, 2128716, 2128717, 2128718, 2128719, 2128720, 2128721, 2128722, 2128723, 2128724, 2128725, 2128726, 2128801, 2128802, 2128803, 2128804, 2128805, 2128806, 2128807, 2128808, 2128809, 2128810, 2128811, 2128812, 2128813, 2128814, 2128815, 2128816, 2128817, 2128818, 2128819, 2128820, 2128821, 2128822, 2128823, 2128901, 2128902, 2128903, 2128904, 2128905, 2128906, 2128907, 2128908, 2128909, 2128910, 2128911, 2128912, 2128913, 2128914, 2128915, 2128916, 2128917, 2128918, 2128919, 2128920, 2128921, 2128922, 2128923, 2128924, 2128925, 2128926, 2128927, 2128928, 2128929, 2128930, 2128931, 2128932, 2128933, 2128934, 2128935, 2128936, 2128937, 2128938, 2128939, 2128940, 2128941, 2128942, 2128943, 2128944, 2128945, 2128946, 2128947, 2128948, 2128949, 2128950, 2128952, 2128953, 2129001, 2129002, 2129003, 2129004, 2129005, 2129006, 2129007, 2129008, 2129009, 2129010, 2129011, 2129012, 2129013, 2129014, 2129015, 2129016, 2129017, 2129103, 2129104, 2129105, 2129109, 2129110, 2129111, 2129112, 2129113, 2129114, 2129115, 2129116, 2129117, 2129118, 2129119, 2129121, 2129122, 2129123, 2129124, 2129125, 2129126, 2129127, 2129128, 2129129, 2129130, 2129131, 2129132, 2129133, 2129134, 2129135, 2129136, 2129137, 2129138, 2129139, 2129140, 2129141, 2129142, 2129206, 2129207, 2129208, 2129209, 2129210, 2129211, 2129212, 2129214, 2129215, 2129216, 2129217, 2129218, 2129219, 2129220, 2129221, 2129222, 2129223, 2129225, 2129227, 2129229, 2129230, 2129231, 2129232, 2129233, 2129235, 2129236, 2129237, 2129238, 2129239, 2129240, 2129241, 2129242, 2129243, 2129244, 2129245, 2129246, 2129247, 2129248, 2129249, 2129250, 2129251, 2129252, 2129253, 2129254, 2129255, 2129256, 2129257, 2129258, 2129259, 2129260, 2129261, 2129262, 2129263, 2129264, 2129265, 2129266, 2129267, 2129268, 2129269]",Cardinia (S),8
111,IARE202001,Ballarat,[['Ballarat']],"[2100101, 2100102, 2100105, 2100106, 2100107, 2100108, 2100109, 2100110, 2100111, 2100112, 2100113, 2100114, 2100115, 2100117, 2100118, 2100119, 2100120, 2100121, 2100122, 2100123, 2100124, 2100201, 2100202, 2100203, 2100204, 2100205, 2100206, 2100207, 2100208, 2100209, 2100210, 2100211, 2100212, 2100213, 2100214, 2100215, 2100216, 2100217, 2100218, 2100219, 2100220, 2100221, 2100222, 2100223, 2100224, 2100225, 2100226, 2100227, 2100228, 2100229, 2100230, 2100231, 2100232, 2100233, 2100234, 2100301, 2100302, 2100303, 2100304, 2100305, 2100306, 2100307, 2100308, 2100309, 2100310, 2100311, 2100312, 2100313, 2100314, 2100315, 2100316, 2100317, 2100318, 2100319, 2100320, 2100321, 2100322, 2100323, 2100324, 2100325, 2100326, 2100327, 2100328, 2100329, 2100330, 2100331, 2100332, 2100333, 2100334, 2100335, 2100336, 2100337, 2100338, 2100339, 2100340, 2100341, 2100342, 2100343, 2100344, 2100345, 2100346, 2100347, 2100348, 2100349, 2100350, 2100351, 2100401, 2100402, 2100404, 2100405, 2100406, 2100407, 2100408, 2100409, 2100410, 2100411, 2100412, 2100413, 2100414, 2100415, 2100416, 2100417, 2100418, 2100419, 2100420, 2100421, 2100422, 2100423, 2100424, 2100425, 2100426, 2100427, 2100428, 2100429, 2100430, 2100431, 2100432, 2100433, 2100434, 2100435, 2100436, 2100437, 2100438, 2100439, 2100440, 2100441, 2100442, 2100443, 2100444, 2100445, 2100446, 2100447, 2100448, 2100449, 2100451, 2100452, 2100453, 2100454, 2100455, 2100456, 2100501, 2100502, 2100504, 2100505, 2100506, 2100507, 2100508, 2100509, 2100510, 2100511, 2100512, 2100513, 2100514, 2100515, 2100516, 2100517, 2100518, 2100519, 2100601, 2100602, 2100603, 2100604, 2100605, 2100606, 2100607, 2100608, 2100610, 2100611, 2100612, 2100613, 2100614, 2100615, 2100616, 2100617, 2100801, 2100804, 2100805, 2100806, 2100807, 2100808, 2100809, 2100810, 2100811, 2100812, 2100813, 2100814, 2100815, 2100816, 2100818, 2100820, 2100821, 2100822, 2100823, 2100824, 2100825, 2100826, 2100827, 2100828, 2100829, 2100830, 2100831, 2100832, 2100833, 2100834, 2100835, 2100836, 2100837, 2100838, 2100839, 2100840, 2100841, 2100842, 2100843, 2100844, 2100845, 2101010, 2101011, 2101017, 2101018, 2101203, 2101409]",Ballarat (C),8
133,IARE202010,Mildura,[['Mildura']],"[2139501, 2139502, 2139503, 2139504, 2139505, 2139506, 2139507, 2139508, 2139509, 2139511, 2139512, 2139513, 2139514, 2139515, 2139516, 2139517, 2139518, 2139519, 2139520, 2139521, 2139522, 2139601, 2139602, 2139603, 2139604, 2139605, 2139606, 2139607, 2139608, 2139609, 2139610, 2139611, 2139612, 2139613, 2139614, 2139615, 2139801, 2139802, 2139803, 2139804, 2139805, 2139806, 2139807, 2139808, 2139809, 2139810, 2139811, 2139812, 2139813, 2139814, 2139815, 2139901, 2139902, 2139903, 2139904, 2139905, 2139906, 2139907, 2139908, 2139909, 2139910, 2139911, 2139912, 2139913, 2139914, 2139915, 2139916, 2139917, 2146901, 2146902, 2146903, 2146904, 2146905, 2146906, 2146907, 2146908, 2146909, 2146910, 2146911, 2146912, 2146913, 2146914, 2146915, 2146916, 2146917, 2146918, 2146919, 2146920, 2146921, 2146922, 2146923, 2146924, 2146925, 2146926, 2146927, 2146928, 2146929, 2146930, 2146931, 2146932, 2146933, 2146934, 2146935, 2146936, 2146937, 2146938, 2146939, 2146940, 2146941, 2146942, 2146943, 2146944, 2147001, 2147002, 2147003, 2147004, 2147005, 2147006, 2147007, 2147008, 2147009, 2147010, 2147011, 2147012, 2147013, 2147014, 2147015, 2147016, 2147017, 2147018, 2147019, 2147020, 2147021, 2147022, 2147023, 2147024, 2147025, 2147026, 2147027, 2147028, 2147029, 2147030, 2147031, 2147032]",Mildura (RC),7
125,IARE202008,Latrobe,[['Latrobe']],"[2109401, 2109402, 2109403, 2109404, 2109405, 2109406, 2109407, 2109408, 2109409, 2109410, 2109411, 2109412, 2109413, 2109414, 2109415, 2109416, 2109417, 2109418, 2109419, 2109420, 2109421, 2109422, 2109423, 2109424, 2109425, 2109426, 2109427, 2109428, 2109429, 2109430, 2109432, 2109433, 2109501, 2109502, 2109503, 2109504, 2109505, 2109506, 2109507, 2109508, 2109509, 2109510, 2109511, 2109512, 2109514, 2109515, 2109516, 2109517, 2109518, 2109519, 2109520, 2109521, 2109522, 2109523, 2109524, 2109525, 2109526, 2109527, 2109528, 2109529, 2109530, 2109531, 2109532, 2109533, 2109534, 2109535, 2109536, 2109537, 2109538, 2109539, 2109540, 2109601, 2109602, 2109603, 2109604, 2109605, 2109606, 2109607, 2109608, 2109609, 2109610, 2109611, 2109612, 2109613, 2109614, 2109615, 2109616, 2109617, 2109618, 2109619, 2109620, 2109621, 2109622, 2109623, 2109624, 2109625, 2109626, 2109627, 2109628, 2109629, 2109630, 2109631, 2109632, 2109633, 2109634, 2109636, 2109637, 2109638, 2109701, 2109702, 2109703, 2109704, 2109705, 2109706, 2109707, 2109708, 2109709, 2109710, 2109711, 2109712, 2109713, 2109714, 2109715, 2109716, 2109718, 2109719, 2109720, 2109721, 2109722, 2109723, 2109724, 2109725, 2109726, 2109727, 2109728, 2109730, 2109731, 2109732, 2109733, 2109734, 2109735, 2109736, 2109737, 2109738, 2109740, 2109742, 2109745, 2109746, 2109747, 2109748, 2109749, 2109750, 2109751, 2109752, 2109753, 2109754, 2109755, 2109756, 2109758, 2109759, 2109760, 2109761, 2109762, 2109763, 2109764, 2109765, 2109766, 2109767, 2109768, 2109769, 2109770, 2109771, 2109772, 2109773, 2109774, 2109775, 2109801, 2109803, 2109804, 2109806, 2109807, 2109808, 2109809, 2109810, 2109811, 2109812, 2109813, 2109814]",Latrobe (C) (Vic.),7
112,IARE202002,Baw Baw,"[['Baw', 'Baw']]","[2107601, 2107603, 2107604, 2107605, 2107607, 2107608, 2107609, 2107610, 2107611, 2107612, 2107613, 2107614, 2107615, 2107616, 2107617, 2107618, 2107619, 2107620, 2107621, 2107622, 2107623, 2107624, 2107625, 2107626, 2107627, 2107628, 2107629, 2107630, 2107631, 2107632, 2107633, 2107635, 2107636, 2107637, 2107638, 2107702, 2107703, 2107704, 2107705, 2107706, 2107707, 2107708, 2107709, 2107710, 2107711, 2107712, 2107713, 2107714, 2107715, 2107716, 2107717, 2107718, 2107719, 2107720, 2107721, 2107722, 2107801, 2107802, 2107803, 2107804, 2107805, 2107806, 2107807, 2107808, 2107809, 2107810, 2107811, 2107812, 2107813, 2107814, 2107815, 2107816, 2107817, 2107818, 2107819, 2107820, 2107821, 2107901, 2107902, 2107903, 2107904, 2107905, 2107906, 2107907, 2107908, 2107909, 2107910, 2107911, 2107912, 2107913, 2107914, 2107915, 2107916, 2107917, 2107918, 2107919, 2107920, 2107921, 2107922, 2107923, 2107924, 2107925, 2107926, 2107927, 2107928, 2107929, 2107930, 2107931, 2107932, 2107933, 2107935, 2107936, 2107938, 2107939, 2107940, 2107941, 2107942, 2107943, 2107944, 2107945, 2109802, 2109805]",Baw Baw (S),7
146,IARE202018,Wimmera,[['Wimmera']],"[2139006, 2139009, 2139010, 2139015, 2139016, 2139018, 2139301, 2139302, 2139303, 2139304, 2139305, 2139306, 2139307, 2139308, 2139309, 2139310]",West Wimmera (S),7
147,IARE202019,Wodonga,[['Wodonga']],"[2107301, 2107302, 2107303, 2107304, 2107305, 2107306, 2107307, 2107308, 2107309, 2107310, 2107311, 2107312, 2107313, 2107314, 2107315, 2107316, 2107317, 2107318, 2107321, 2107322, 2107323, 2107324, 2107325, 2107326, 2107327, 2107328, 2107329, 2107330, 2107331, 2107332, 2107333, 2107334, 2107335, 2107336, 2107337, 2107338, 2107339, 2107401, 2107403, 2107404, 2107406, 2107407, 2107408, 2107409, 2107410, 2107411, 2107412, 2107413, 2107414, 2107415, 2107416, 2107417, 2107418, 2107419, 2107420, 2107421, 2107422, 2107423, 2107424, 2107425, 2107426, 2107427, 2107428, 2107429, 2107430, 2107431, 2107432, 2107433, 2107434, 2107435, 2107436, 2107437, 2107438, 2107439, 2107440, 2107441, 2107442, 2107443, 2107444, 2107445, 2107446, 2107447, 2107448, 2107449, 2107450, 2107451, 2107452, 2107453, 2107454, 2107455, 2107456, 2107457, 2107458, 2107459, 2107460, 2107461]",Wodonga (C),7
113,IARE202003,Bendigo,[['Bendigo']],"[2101801, 2101802, 2101803, 2101804, 2101805, 2101806, 2101807, 2101808, 2101809, 2101810, 2101811, 2101812, 2101813, 2101814, 2101815, 2101816, 2101817, 2101818, 2101819, 2101820, 2101821, 2101822, 2101823, 2101824, 2101825, 2101826, 2101827, 2101828, 2101829, 2101830, 2101831, 2101832, 2101833, 2101834, 2101835, 2101836, 2101837, 2101838, 2101901, 2101902, 2101903, 2101904, 2101905, 2101906, 2101907, 2101908, 2101909, 2101910, 2101911, 2101912, 2101913, 2101914, 2101915, 2101916, 2101917, 2101918, 2101919, 2101920, 2101921, 2101922, 2101923, 2101924, 2102001, 2102002, 2102003, 2102004, 2102005, 2102006, 2102007, 2102008, 2102009, 2102010, 2102011, 2102012, 2102013, 2102014, 2102015, 2102016, 2102017, 2102018, 2102019, 2102020, 2102021, 2102022, 2102023, 2102024, 2102025, 2102026, 2102027, 2102028, 2102029, 2102030, 2102031, 2102032, 2102033, 2102034, 2102035, 2102036, 2102037, 2102038, 2102039, 2102101, 2102102, 2102103, 2102104, 2102105, 2102106, 2102107, 2102108, 2102109, 2102110, 2102111, 2102112, 2102113, 2102114, 2102115, 2102116, 2102117, 2102118, 2102119, 2102120, 2102121, 2102122, 2102123, 2102124, 2102125, 2102126, 2102127, 2102201, 2102202, 2102203, 2102204, 2102205, 2102206, 2102208, 2102209, 2102210, 2102211, 2102212, 2102213, 2102214, 2102215, 2102216, 2102217, 2102218, 2102219, 2102220, 2102221, 2102222, 2102223, 2102224, 2102225, 2102226, 2102227, 2102228, 2102229, 2102230, 2102231, 2102232, 2102233, 2102234, 2102235, 2102236, 2102237, 2102238, 2102239, 2102240, 2102241, 2102242, 2102243, 2102244, 2102245, 2102301, 2102302, 2102305, 2102306, 2102307, 2102308, 2102309, 2102310, 2102311, 2102312, 2102401, 2102402, 2102403, 2102405, 2102407, 2102408, 2102409, 2102410, 2102411, 2102412, 2102413, 2102414, 2102415, 2102417, 2102418, 2102419, 2102420, 2102421, 2102422, 2102501, 2102502, 2102503, 2102504, 2102505, 2102506, 2102507, 2102509, 2102510, 2102511, 2102512, 2102513, 2102514, 2102515, 2102516, 2102517, 2102518, 2102519, 2102520, 2102521, 2102522, 2102523, 2102601, 2102602, 2102603, 2102604, 2102605, 2102606, 2102607, 2102608, 2102609, 2102610, 2102611, 2102612, 2102613, 2102614, 2102615, 2102616, 2102617, 2102618, 2102619, 2102806, 2102901, 2102902, 2102903, 2102904, 2102905, 2102906, 2102907, 2102908, 2102909, 2102910, 2102911, 2102912, 2102913, 2103201, 2103202, 2103203, 2103204, 2103205, 2103206, 2103207, 2103208, 2103209, 2103210, 2103211, 2103212, 2103213]",Greater Bendigo (C),7
134,IARE201014,Monash,[['Monash']],"[2118001, 2118002, 2118003, 2118004, 2118005, 2118006, 2118007, 2118008, 2118009, 2118010, 2118011, 2118012, 2118013, 2118014, 2118015, 2118016, 2118017, 2131901, 2131902, 2131903, 2131904, 2131905, 2131906, 2131907, 2131908, 2131909, 2131910, 2131911, 2131912, 2131913, 2131914, 2131915, 2131916, 2131917, 2131918, 2131919, 2131920, 2131921, 2131922, 2131923, 2131924, 2131925, 2131926, 2131927, 2131928, 2131929, 2131930, 2131932, 2131933, 2131934, 2131935, 2131936, 2131937, 2131938, 2131939, 2131940, 2131941, 2132001, 2132002, 2132003, 2132004, 2132005, 2132006, 2132007, 2132008, 2132009, 2132010, 2132011, 2132012, 2132013, 2132014, 2132015, 2132016, 2132017, 2132018, 2132019, 2132020, 2132021, 2132022, 2132023, 2132024, 2132025, 2132026, 2132027, 2132029, 2132030, 2132031, 2132032, 2132033, 2132035, 2132036, 2132037, 2132038, 2132039, 2132040, 2132041, 2132042, 2132043, 2132101, 2132102, 2132103, 2132104, 2132105, 2132106, 2132107, 2132108, 2132109, 2132110, 2132111, 2132112, 2132113, 2132114, 2132115, 2132116, 2132117, 2132118, 2132119, 2132120, 2132121, 2132122, 2132123, 2132124, 2132125, 2132126, 2132127, 2132128, 2132129, 2132130, 2132131, 2132132, 2132133, 2132134, 2132135, 2132136, 2132137, 2132138, 2132139, 2132140, 2132141, 2132142, 2132143, 2132144, 2132145, 2132146, 2132147, 2132148, 2132149, 2132150, 2132151, 2132152, 2132153, 2132154, 2132201, 2132202, 2132203, 2132204, 2132205, 2132206, 2132207, 2132208, 2132209, 2132210, 2132211, 2132212, 2132213, 2132214, 2132215, 2132216, 2132217, 2132218, 2132219, 2132220, 2132221, 2132222, 2132223, 2132224, 2132225, 2132226, 2132227, 2132228, 2132229, 2132230, 2132231, 2132232, 2132233, 2132234, 2132235, 2132236, 2132237, 2132238, 2132239, 2132240, 2132241, 2132242, 2132243, 2132244, 2132245, 2132246, 2132247, 2132248, 2132249, 2132250, 2132251, 2132252, 2132301, 2132302, 2132303, 2132304, 2132305, 2132306, 2132307, 2132308, 2132309, 2132310, 2132311, 2132312, 2132313, 2132314, 2132315, 2132316, 2132317, 2132318, 2132319, 2132320, 2132321, 2132322, 2132323, 2132324, 2132325, 2132326, 2132327, 2132328, 2132329, 2132330, 2132331, 2132332, 2132333, 2132334, 2132335, 2132336, 2132337, 2132401, 2132402, 2132403, 2132404, 2132405, 2132406, 2132407, 2132408, 2132409, 2132410, 2132411, 2132412, 2132413, 2132414, 2132415, 2132416, 2132417, 2132418, 2132419, 2132420, 2132421, 2132422, 2132423, 2132424, 2132425, 2132426, 2132427, 2132428, 2132429, 2132430, 2132431, 2132432, 2132433, 2132434, 2132435, 2132436, 2132437, 2132438, 2132439, 2132440, 2132441, 2132501, 2132502, 2132503, 2132504, 2132505, 2132506, 2132507, 2132508, 2132509, 2132510, 2132511, 2132512, 2132513, 2132514, 2132515, 2132516, 2132518, 2132519, 2132520, 2132521, 2132522, 2132523, 2132525, 2132526, 2132527, 2132528, 2132529, 2132530, 2132531, 2132532, 2132533, 2132534, 2132535, 2132536, 2132537, 2132538, 2132539, 2132540, 2132541, 2132542, 2132543, 2132544, 2132545, 2132546, 2132547, 2132548, 2132601, 2132602, 2132603, 2132604, 2132605, 2132606, 2132607, 2132608, 2132609, 2132610, 2132611, 2132612, 2132613, 2132614, 2132615, 2132616, 2132617, 2132618, 2132619, 2132620, 2132621, 2132622, 2132623, 2132624, 2132625, 2132626, 2132627, 2132628, 2132629, 2132630, 2132631, 2132632, 2132633, 2132634, 2132635, 2132636, 2132637, 2132638, 2132639, 2132640, 2132641, 2132642, 2132643, 2132644, 2132645, 2132646, 2132647, 2132648, 2132649, 2132650, 2132651, 2132652, 2132653, 2132701, 2132702, 2132703, 2132704, 2132705, 2132706, 2132707, 2132708, 2132709, 2132710, 2132711, 2132712, 2132713, 2132714, 2132715, 2132716, 2132717, 2132718, 2132719, 2132720, 2132721, 2132722, 2132723, 2132724, 2132725, 2132726, 2132727, 2132728, 2132729, 2132730, 2132731, 2132732, 2132733, 2132734, 2132735, 2132736, 2132737, 2132738, 2132739, 2132740, 2132741, 2132742, 2132743, 2132744, 2132745, 2132746, 2132747, 2132748]",Monash (C),6
132,IARE201013,Melton,[['Melton']],"[2124140, 2124141, 2124142, 2124143, 2124147, 2124149, 2135501, 2135502, 2135503, 2135504, 2135505, 2135506, 2135507, 2135508, 2135509, 2135510, 2135511, 2135512, 2135513, 2135514, 2135515, 2135516, 2135517, 2135518, 2135519, 2135520, 2135521, 2135522, 2135523, 2135524, 2135525, 2135526, 2135527, 2135528, 2135529, 2135530, 2135531, 2135532, 2135533, 2135534, 2135535, 2135536, 2135537, 2135538, 2135601, 2135602, 2135603, 2135605, 2135608, 2135609, 2135610, 2135611, 2135612, 2135613, 2135614, 2135615, 2135616, 2135617, 2135618, 2135619, 2135620, 2135622, 2135623, 2135625, 2135626, 2135627, 2135628, 2135629, 2135630, 2135631, 2135632, 2135633, 2135635, 2135637, 2135638, 2135639, 2135640, 2135641, 2135642, 2135643, 2135644, 2135645, 2135646, 2135647, 2135648, 2135649, 2135650, 2135651, 2135652, 2135653, 2135701, 2135702, 2135703, 2135704, 2135705, 2135706, 2135707, 2135708, 2135709, 2135710, 2135711, 2135712, 2135713, 2135714, 2135715, 2135716, 2135717, 2135718, 2135719, 2135720, 2135722, 2135723, 2135724, 2135725, 2135727, 2135728, 2135729, 2135730, 2135731, 2135732, 2135733, 2135734, 2135735, 2135736, 2135801, 2135802, 2135803, 2135804, 2135805, 2135806, 2135809, 2135810, 2135812, 2135813, 2135814, 2135816, 2135817, 2135818, 2135819, 2135821, 2135822, 2135823, 2135824, 2135825, 2135826, 2135827, 2135828, 2135829, 2135830, 2135831, 2135832, 2135833, 2135834, 2135835, 2135836, 2135837, 2135838, 2135839, 2135840, 2135841, 2135901, 2135903, 2135904, 2135905, 2135906, 2135907, 2135908, 2136001, 2136002, 2136003, 2136004, 2136005, 2136006, 2136007, 2136008, 2136009, 2136010, 2136011, 2136012, 2136013, 2136014, 2136015, 2136016, 2136017, 2136019, 2136020, 2136021, 2136022, 2136023, 2136025, 2136026, 2136027, 2136028, 2136029, 2136030, 2136031, 2136032, 2136033, 2136034, 2136035, 2136036, 2136037, 2136038, 2146101, 2146102, 2146103, 2146104, 2146105, 2146106, 2146107, 2146108, 2146109, 2146110, 2146111, 2146112, 2146113, 2146201, 2146202, 2146203, 2146204, 2146205, 2146206, 2146207, 2146208, 2146209, 2146210, 2146211, 2146212, 2146213, 2146301, 2146302, 2146303, 2146304, 2146305, 2146306, 2146307, 2146308, 2146309, 2146310, 2146311, 2146312, 2146313, 2146314, 2146315, 2146316, 2146317, 2146318, 2146319, 2146320, 2146321, 2146322, 2146323, 2146324, 2146325, 2146326, 2146327, 2146328, 2146329, 2146330, 2146331, 2146332, 2146333, 2146334, 2146335, 2146336, 2146337, 2146338, 2146339, 2146340, 2146341, 2146342, 2146343, 2146344]",Melton (C),6
124,IARE201007,Knox,[['Knox']],"[2125101, 2125102, 2125103, 2125104, 2125105, 2125106, 2125107, 2125108, 2125109, 2125110, 2125111, 2125112, 2125113, 2125114, 2125115, 2125116, 2125117, 2125118, 2125119, 2125120, 2125121, 2125122, 2125123, 2125124, 2125125, 2125126, 2125127, 2125128, 2125401, 2125402, 2125403, 2125404, 2125405, 2125406, 2125407, 2125408, 2125409, 2125410, 2125411, 2125412, 2125413, 2125414, 2125415, 2125416, 2125417, 2125418, 2125419, 2125420, 2125421, 2125422, 2125423, 2125424, 2125425, 2125426, 2125427, 2125428, 2125429, 2125430, 2125431, 2125432, 2125433, 2125434, 2125501, 2125502, 2125503, 2125505, 2125506, 2125507, 2125508, 2125509, 2125510, 2125511, 2125512, 2125513, 2125514, 2125515, 2125516, 2125517, 2125518, 2125601, 2125602, 2125603, 2125604, 2125605, 2125606, 2125607, 2125608, 2125609, 2125610, 2125611, 2125612, 2125613, 2125614, 2125615, 2125616, 2125617, 2125618, 2125619, 2125620, 2125621, 2125622, 2125623, 2125624, 2125625, 2125626, 2125627, 2125628, 2125629, 2125630, 2125631, 2125632, 2125633, 2125634, 2125635, 2125636, 2125637, 2125638, 2125639, 2125701, 2125702, 2125703, 2125704, 2125705, 2125706, 2125707, 2125708, 2125709, 2125710, 2125711, 2125712, 2125713, 2125714, 2125715, 2125716, 2125717, 2125718, 2125719, 2125801, 2125802, 2125803, 2125804, 2125805, 2125806, 2125807, 2125808, 2125809, 2125810, 2125811, 2125812, 2125813, 2125814, 2125815, 2125816, 2125817, 2125818, 2125819, 2125820, 2125821, 2125822, 2125823, 2125824, 2125825, 2125826, 2125827, 2125828, 2125901, 2125902, 2125903, 2125904, 2125905, 2125906, 2125907, 2125908, 2125909, 2125910, 2125911, 2125912, 2125913, 2125914, 2125915, 2125916, 2125917, 2125918, 2125919, 2125920, 2125921, 2125922, 2125923, 2125924, 2125925, 2125926, 2125927, 2125928, 2125929, 2125930, 2125931, 2125932, 2125933, 2125934, 2125935, 2125936, 2125937, 2125938, 2126001, 2126002, 2126003, 2126004, 2126005, 2126006, 2126007, 2126008, 2126009, 2126010, 2126011, 2126012, 2126013, 2126014, 2126015, 2126016, 2126017, 2126018, 2126019, 2126020, 2126021, 2126022, 2126023, 2126024, 2126025, 2126026, 2126027, 2126028, 2126029, 2126030, 2126031, 2126032, 2126033, 2126034, 2126035, 2126036, 2126037, 2126038, 2126039, 2126040, 2126041, 2126042, 2126043, 2126044, 2126045, 2126046, 2126047, 2144601, 2144602, 2144603, 2144604, 2144605, 2144606, 2144607, 2144608, 2144609, 2144610, 2144611, 2144612, 2144613, 2144614, 2144615, 2144616, 2144617, 2144618, 2144619, 2144620, 2144621, 2144622, 2144623, 2144624, 2144625, 2144626, 2144627, 2144628, 2144629, 2144630, 2144631, 2144632, 2144633, 2144634, 2144635, 2144636, 2144637, 2144638, 2144639, 2144640, 2144641, 2144642, 2144643, 2144644, 2144645, 2144646, 2144647, 2144648, 2144649, 2144650, 2144651, 2144652, 2144653, 2144654, 2144701, 2144702, 2144703, 2144704, 2144705, 2144706, 2144707, 2144708, 2144709, 2144710, 2144711, 2144712, 2144713, 2144714, 2144715, 2144716, 2144717, 2144718, 2144719, 2144720, 2144721, 2144722, 2144723, 2144724, 2144725, 2144726, 2144727, 2144728, 2144729, 2144730, 2144801, 2144802, 2144803, 2144804, 2144805, 2144806, 2144807, 2144808, 2144809, 2144810, 2144811, 2144812, 2144813, 2144814, 2144815, 2144816, 2144817, 2144818, 2144819, 2144820, 2144821, 2144822, 2144823, 2144824, 2144825, 2144826, 2144827, 2144828, 2144829, 2144830, 2144831, 2144832, 2144833, 2144834, 2144835, 2144901, 2144902, 2144903, 2144904, 2144905, 2144906, 2144907, 2144908]",Knox (C),4
